year,bowl,bowlid,mm,yy,team1,score1,team2,score2,ot
2015,AAC Champ,AAC Champ,,,Houston,24,Temple,13,
2016,AAC Champ,AAC Champ,,,Temple,34,Navy,10,
2017,AAC Champ,AAC Champ,,,UCF,62,Memphis,55,2OT
2018,AAC Champ,AAC Champ,,,UCF,56,Memphis,41,
2019,AAC Champ,AAC Champ,,,Memphis,29,Cincinnati,24,
2020,AAC Champ,AAC Champ,,,Cincinnati,27,Tulsa,24,
2021,AAC Champ,AAC Champ,,,Cincinnati,35,Houston,20,
2022,AAC Champ,AAC Champ,,,Tulane,45,UCF,28,
2023,AAC Champ,AAC Champ,,,SMU,26,Tulane,14,
2024,AAC Champ,AAC Champ,,,Army,35,Tulane,14,
2005,ACC Champ,ACC Champ,,,Florida St.,27,Virginia Tech,22,
2006,ACC Champ,ACC Champ,,,Wake Forest,9,Georgia Tech,6,
2007,ACC Champ,ACC Champ,,,Virginia Tech,30,Boston College,16,
2008,ACC Champ,ACC Champ,,,Virginia Tech,30,Boston College,12,
2009,ACC Champ,ACC Champ,,,Georgia Tech,39,Clemson,34,
2010,ACC Champ,ACC Champ,,,Virginia Tech,44,Florida St.,33,
2011,ACC Champ,ACC Champ,,,Clemson,38,Virginia Tech,10,
2012,ACC Champ,ACC Champ,,,Floirda St.,21,Georgia Tech,15,
2013,ACC Champ,ACC Champ,,,Florida St.,45,Duke,7,
2014,ACC Champ,ACC Champ,,,Florida St.,37,Georgia Tech,35,
2015,ACC Champ,ACC Champ,,,Clemson,45,North Carolina,37,
2016,ACC Champ,ACC Champ,,,Clemson,42,Virginia Tech,35,
2017,ACC Champ,ACC Champ,,,Clemson,38,Miami,3,
2018,ACC Champ,ACC Champ,,,Clemson,42,Pittsburgh,10,
2019,ACC Champ,ACC Champ,,,Clemson,62,Virginia,17,
2020,ACC Champ,ACC Champ,,,Clemson,34,Notre Dame,10,
2021,ACC Champ,ACC Champ,,,Pittsburgh,45,Wake Forest,21,
2022,ACC Champ,ACC Champ,,,Clemson,39,North Carolina,10,
2023,ACC Champ,ACC Champ,,,Florida St.,16,Louisville,6,
2024,ACC Champ,ACC Champ,,,Clemson,34,SMU,31,
1993,Alamo,Alamo,Dec,1993,California,37,Iowa,3,
1994,Alamo,Alamo,Dec,1994,Washington St.,10,Baylor,3,
1995,Alamo,Alamo,Dec,1995,Texas A&M,22,Michigan,20,
1996,Alamo,Alamo,Dec,1996,Iowa,27,Texas Tech,0,
1997,Alamo,Alamo,Dec,1997,Purdue,33,Oklahoma St.,20,
1998,Alamo,Alamo,Dec,1998,Purdue,37,Kansas St.,34,
1999,Alamo,Alamo,Dec,1999,Penn State,24,Texas A&M,0,
2000,Alamo,Alamo,Dec,2000,Nebraska,66,Northwestern,17,
2001,Alamo,Alamo,Dec,2001,Iowa,19,Texas Tech,16,
2002,Alamo,Alamo,Dec,2002,Wisconsin,31,Colorado,28,OT
2003,Alamo,Alamo,Dec,2003,Nebraska,17,Michigan St.,3,
2004,Alamo,Alamo,Dec,2004,Ohio State,33,Oklahoma St.,7,
2005,Alamo,Alamo,Dec,2005,Nebraska,32,Michigan,28,
2006,Alamo,Alamo,Dec,2006,Texas,26,Iowa,24,
2007,Alamo,Alamo,Dec,2007,Penn State,24,Texas A&M,17,
2008,Alamo,Alamo,Dec,2008,Missouri,30,Northwestern,23,OT
2009,Alamo,Alamo,Jan,2010,Texas Tech,41,Michigan St.,31,
2010,Alamo,Alamo,Dec,2010,Oklahoma St.,36,Arizona,10,
2011,Alamo,Alamo,Dec,2011,Baylor,67,Washington,56,
2012,Alamo,Alamo,Dec,2012,Texas,31,Oregon St.,27,
2013,Alamo,Alamo,Dec,2013,Oregon,30,Texas,7,
2014,Alamo,Alamo,Jan,2015,UCLA,40,Kansas St.,35,
2015,Alamo,Alamo,Jan,2016,TCU,47,Oregon,41,3OT
2016,Alamo,Alamo,Dec,2016,Oklahoma St.,38,Colorado,8,
2017,Alamo,Alamo,Dec,2017,TCU,39,Stanford,37,
2018,Alamo,Alamo,Dec,2018,Washington St.,28,Iowa State,26,
2019,Alamo,Alamo,Dec,2019,Texas,38,Utah,10,
2020,Alamo,Alamo,Dec,2020,Texas,55,Colorado,23,
2021,Alamo,Alamo,Dec,2021,Oklahoma,47,Oregon,32,
2022,Alamo,Alamo,Dec,2022,Washington,27,Texas,20,
2023,Alamo,Alamo,Dec,2023,Arizona,38,Oklahoma,24,
2024,Alamo,Alamo,Dec,2024,BYU,36,Colorado,14,
1946,Alamo,Alamo 40s,Jan,1947,Hardin Simmons,20,Denver,0,
1977,Hall of Fame,All-American,Dec,1977,Maryland,17,Minnesota,7,
1978,Hall of Fame,All-American,Dec,1978,Texas A&M,28,Iowa State,12,
1979,Hall of Fame,All-American,Dec,1979,Missouri,24,South Carolina,14,
1980,Hall of Fame,All-American,Dec,1980,Arkansas,34,Tulane,15,
1981,Hall of Fame,All-American,Dec,1981,Miss State,10,Kansas,0,
1982,Hall of Fame,All-American,Dec,1982,Air Force,36,Vanderbilt,28,
1983,Hall of Fame,All-American,Dec,1983,West Virginia,20,Kentucky,16,
1984,Hall of Fame,All-American,Dec,1984,Kentucky,20,Wisconsin,19,
1985,All-American,All-American,Dec,1985,Georgia Tech,17,Michigan St.,14,
1986,All-American,All-American,Dec,1986,Florida St.,27,Indiana,13,
1987,All-American,All-American,Dec,1987,Virginia,22,BYU,16,
1988,All-American,All-American,Dec,1988,Florida,14,Illinois,10,
1989,All-American,All-American,Dec,1989,Texas Tech,49,Duke,21,
1990,All-American,All-American,Dec,1990,NC State,31,Southern Miss,27,
1982,Aloha,Aloha,Dec,1982,Washington,21,Maryland,20,
1983,Aloha,Aloha,Dec,1983,Penn State,13,Washington,10,
1984,Aloha,Aloha,Dec,1984,SMU,27,Notre Dame,20,
1985,Aloha,Aloha,Dec,1985,Alabama,24,USC,3,
1986,Aloha,Aloha,Dec,1986,Arizona,30,North Carolina,21,
1987,Aloha,Aloha,Dec,1987,UCLA,20,Florida,16,
1988,Aloha,Aloha,Dec,1988,Washington St.,24,Houston,22,
1989,Aloha,Aloha,Dec,1989,Michigan St.,33,Hawaii,13,
1990,Aloha,Aloha,Dec,1990,Syracuse,28,Arizona,0,
1991,Aloha,Aloha,Dec,1991,Georgia Tech,18,Stanford,17,
1992,Aloha,Aloha,Dec,1992,Kansas,23,BYU,20,
1993,Aloha,Aloha,Dec,1993,Colorado,41,Fresno St.,30,
1994,Aloha,Aloha,Dec,1994,Boston College,12,Kansas St.,7,
1995,Aloha,Aloha,Dec,1995,Kansas,51,UCLA,30,
1996,Aloha,Aloha,Dec,1996,Navy,42,California,38,
1997,Aloha,Aloha,Dec,1997,Washington,51,Michigan St.,23,
1998,Aloha,Aloha,Dec,1998,Colorado,51,Oregon,43,
1999,Aloha,Aloha,Dec,1999,Wake Forest,23,Arizona St.,3,
2000,Aloha,Aloha,Dec,2000,Boston College,31,Arizona St.,17,
2015,Arizona,Arizona,Dec,2015,Nevada,28,Colorado St.,23,
2016,Arizona,Arizona,Dec,2016,Air Force,45,South Alabama,21,
2017,Arizona,Arizona,Dec,2017,New Mexico St.,26,Utah State,20,OT
2018,Arizona,Arizona,Dec,2018,Nevada,16,Arkansas St.,13,OT
2019,Arizona,Arizona,Dec,2019,Wyoming,38,Georgia St.,17,
2020,Arizona,Arizona,Dec,2020,Ball State,34,San Jose St.,13,
2021,Arizona,Arizona,(cancelled),,,,,,
2022,Arizona,Arizona,Dec,2022,Ohio,30,Wyoming,27,
2023,Arizona,Arizona,Dec,2023,Wyoming,16,Toledo,15,
2024,Arizona,Arizona,Dec,2024,Miami Ohio,43,Colorado St.,17,
2003,Fort Worth,Armed Forces,Dec,2003,Boise St.,34,TCU,31,
2004,Fort Worth,Armed Forces,Dec,2004,Cincinnati,32,Marshall,14,
2005,Fort Worth,Armed Forces,Dec,2005,Kansas,42,Houston,13,
2006,Armed Forces,Armed Forces,Dec,2006,Utah,25,Tulsa,13,
2007,Armed Forces,Armed Forces,Dec,2007,California,42,Air Force,36,
2008,Armed Forces,Armed Forces,Dec,2008,Houston,34,Air Force,28,
2009,Armed Forces,Armed Forces,Dec,2009,Air Force,47,Houston,20,
2010,Armed Forces,Armed Forces,Dec,2010,Army,16,SMU,14,
2011,Armed Forces,Armed Forces,Dec,2011,BYU,24,Tulsa,21,
2012,Armed Forces,Armed Forces,Dec,2012,Rice,33,Air Force,14,
2013,Armed Forces,Armed Forces,Dec,2013,Navy,24,Middle Tenn.,6,
2014,Armed Forces,Armed Forces,Jan,2015,Houston,35,Pittsburgh,34,
2015,Armed Forces,Armed Forces,Dec,2015,California,55,Air Force,36,
2016,Armed Forces,Armed Forces,Dec,2016,Louisiana Tech,48,Navy,45,
2017,Armed Forces,Armed Forces,Dec,2017,Army,42,San Diego St.,35,
2018,Armed Forces,Armed Forces,Dec,2018,Army,70,Houston,14,
2019,Armed Forces,Armed Forces,Jan,2020,Tulane,30,Southern Miss,13,
2020,Armed Forces,Armed Forces,Dec,2020,Miss State,28,Tulsa,26,
2021,Armed Forces,Armed Forces,Dec,2021,Army,24,Missouri,22,
2022,Armed Forces,Armed Forces,Dec,2022,Air Force,30,Baylor,15,
2023,Armed Forces,Armed Forces,Dec,2023,Air Force,31,James Madison,21,
2024,Armed Forces,Armed Forces,Dec,2024,Navy,21,Oklahoma,20,
1961,Aviation,Aviation,Dec,1961,New Mexico,28,Western Mich.,12,
2011,B10 Champ,B10 Champ,,,Wisconsin,42,Michigan St.,39,
2012,B10 Champ,B10 Champ,,,Wisconsin,70,Nebraska,31,
2013,B10 Champ,B10 Champ,,,Michigan St.,34,Ohio State,24,
2014,B10 Champ,B10 Champ,,,Ohio State,59,Wisconsin,0,
2015,B10 Champ,B10 Champ,,,Michigan St.,16,Iowa,13,
2016,B10 Champ,B10 Champ,,,Penn State,38,Wisconsin,31,
2017,B10 Champ,B10 Champ,,,Ohio State,27,Wisconsin,21,
2018,B10 Champ,B10 Champ,,,Ohio State,45,Northwestern,24,
2019,B10 Champ,B10 Champ,,,Ohio State,34,Wisconsin,21,
2020,B10 Champ,B10 Champ,,,Ohio State,22,Northwestern,10,
2021,B10 Champ,B10 Champ,,,Michigan,42,Iowa,3,
2022,B10 Champ,B10 Champ,,,Michigan,43,Purdue,22,
2023,B10 Champ,B10 Champ,,,Michigan,26,Iowa,0,
2024,B10 Champ,B10 Champ,,,Oregon,45,Penn State,37,
1996,B12 Champ,B12 Champ,,,Texas,37,Nebraska,27,
1997,B12 Champ,B12 Champ,,,Nebraska,54,Texas A&M,15,
1998,B12 Champ,B12 Champ,,,Texas A&M,36,Kansas St.,33,2OT
1999,B12 Champ,B12 Champ,,,Nebraska,22,Texas,6,
2000,B12 Champ,B12 Champ,,,Oklahoma,27,Kansas St.,24,
2001,B12 Champ,B12 Champ,,,Colorado,39,Texas,37,
2002,B12 Champ,B12 Champ,,,Oklahoma,29,Colorado,7,
2003,B12 Champ,B12 Champ,,,Kansas St.,35,Oklahoma,7,
2004,B12 Champ,B12 Champ,,,Oklahoma,42,Colorado,3,
2005,B12 Champ,B12 Champ,,,Texas,70,Colorado,3,
2006,B12 Champ,B12 Champ,,,Oklahoma,21,Nebraska,7,
2007,B12 Champ,B12 Champ,,,Oklahoma,38,Missouri,17,
2008,B12 Champ,B12 Champ,,,Oklahoma,62,Missouri,21,
2009,B12 Champ,B12 Champ,,,Texas,13,Nebraska,12,
2010,B12 Champ,B12 Champ,,,Oklahoma,23,Nebraska,20,
2017,B12 Champ,B12 Champ,,,Oklahoma,41,TCU,17,
2018,B12 Champ,B12 Champ,,,Oklahoma,39,Texas,27,
2019,B12 Champ,B12 Champ,,,Oklahoma,30,Baylor,23,OT
2020,B12 Champ,B12 Champ,,,Oklahoma,27,Iowa State,21,
2021,B12 Champ,B12 Champ,,,Baylor,21,Oklahoma St.,16,
2022,B12 Champ,B12 Champ,,,Kansas St.,31,TCU,28,OT
2023,B12 Champ,B12 Champ,,,Texas,49,Oklahoma St.,21,
2024,B12 Champ,B12 Champ,,,Arizona St.,45,Iowa State,19,
1936,Bacardi,Bacardi,Jan,1937,Auburn,7,Villanova,7,tie
2014,Bahamas,Bahamas,Dec,2014,Western Ky.,49,Central Mich.,48,
2015,Bahamas,Bahamas,Dec,2015,Western Mich.,45,Middle Tenn.,31,
2016,Bahamas,Bahamas,Dec,2016,Old Dominion,24,Eastern Mich.,20,
2017,Bahamas,Bahamas,Dec,2017,Ohio,41,UAB,6,
2018,Bahamas,Bahamas,Dec,2018,FIU,35,Toledo,32,
2019,Bahamas,Bahamas,Dec,2019,Buffalo,31,Charlotte,9,
2020,Bahamas,Bahamas,(cancelled),,,,,,
2021,Bahamas,Bahamas,Dec,2021,Middle Tenn.,31,Toledo,24,
2022,Bahamas,Bahamas,Dec,2022,UAB,24,Miami Ohio,20,
2023,Famous Toastery,Bahamas,Dec,2023,Western Ky.,38,Old Dominion,35,OT
2024,Bahamas,Bahamas,Jan,2025,Buffalo,26,Liberty,7,
2006,BCS Champ,BCS Champ,Jan,2007,Florida,41,Ohio State,14,Glendale
2007,BCS Champ,BCS Champ,Jan,2008,LSU,38,Ohio State,24,New Orleans
2008,BCS Champ,BCS Champ,Jan,2009,Florida,24,Oklahoma,14,Miami
2009,BCS Champ,BCS Champ,Jan,2010,Alabama,37,Texas,21,Pasadena
2010,BCS Champ,BCS Champ,Jan,2011,Auburn,22,Oregon,19,Glendale
2011,BCS Champ,BCS Champ,Jan,2012,Alabama,21,LSU,0,New Orleans
2012,BCS Champ,BCS Champ,Jan,2013,Alabama,42,Notre Dame,14,Miami
2013,BCS Champ,BCS Champ,Jan,2014,Florida St.,34,Auburn,31,Pasadena
2006,Papajohns.com,Birmingham,Dec,2006,South Florida,24,East Carolina,7,
2007,Papajohns.com,Birmingham,Dec,2007,Cincinnati,31,Southern Miss,21,
2008,Papajohns.com,Birmingham,Dec,2008,Rutgers,29,NC State,23,
2009,Papajohns.com,Birmingham,Jan,2010,Connecticut,20,South Carolina,7,
2010,Compass,Birmingham,Jan,2011,Pittsburgh,27,Kentucky,10,
2011,Compass,Birmingham,Jan,2012,SMU,28,Pittsburgh,6,
2012,Compass,Birmingham,Jan,2013,Mississippi,38,Pittsburgh,17,
2013,Compass,Birmingham,Jan,2014,Vanderbilt,41,Houston,24,
2014,Birmingham,Birmingham,Jan,2015,Florida,28,East Carolina,20,
2015,Birmingham,Birmingham,Dec,2015,Auburn,31,Memphis,10,
2016,Birmingham,Birmingham,Dec,2016,South Florida,46,South Carolina,39,OT
2017,Birmingham,Birmingham,Dec,2017,South Florida,38,Texas Tech,34,
2018,Birmingham,Birmingham,Dec,2018,Wake Forest,37,Memphis,34,
2019,Birmingham,Birmingham,Jan,2020,Cincinnati,38,Boston College,6,
2020,Birmingham,Birmingham,(cancelled),,,,,,
2021,Birmingham,Birmingham,Dec,2021,Houston,17,Auburn,13,
2022,Birmingham,Birmingham,Dec,2022,East Carolina,53,Coastal Carolina,29,
2023,Birmingham,Birmingham,Dec,2023,Duke,17,Troy,10,
2024,Birmingham,Birmingham,Dec,2024,Vanderbilt,35,Georgia Tech,27,
1959,Bluebonnet,Bluebonnet,Dec,1959,Clemson,23,TCU,7,
1960,Bluebonnet,Bluebonnet,Dec,1960,Alabama,3,Texas,3,tie
1961,Bluebonnet,Bluebonnet,Dec,1961,Kansas,33,Rice,7,
1962,Bluebonnet,Bluebonnet,Dec,1962,Missouri,14,Georgia Tech,10,
1963,Bluebonnet,Bluebonnet,Dec,1963,Baylor,14,LSU,7,
1964,Bluebonnet,Bluebonnet,Dec,1964,Tulsa,14,Mississippi,7,
1965,Bluebonnet,Bluebonnet,Dec,1965,Tennessee,27,Tulsa,6,
1966,Bluebonnet,Bluebonnet,Dec,1966,Texas,19,Mississippi,0,
1967,Bluebonnet,Bluebonnet,Dec,1967,Colorado,31,Miami,21,
1968,Bluebonnet,Bluebonnet,Dec,1968,SMU,28,Oklahoma,27,
1969,Bluebonnet,Bluebonnet,Dec,1969,Houston,36,Auburn,7,
1970,Bluebonnet,Bluebonnet,Dec,1970,Alabama,24,Oklahoma,24,tie
1971,Bluebonnet,Bluebonnet,Dec,1971,Colorado,29,Houston,17,
1972,Bluebonnet,Bluebonnet,Dec,1972,Tennessee,24,LSU,17,
1973,Bluebonnet,Bluebonnet,Dec,1973,Houston,47,Tulane,7,
1974,Bluebonnet,Bluebonnet,Dec,1974,NC State,31,Houston,31,tie
1975,Bluebonnet,Bluebonnet,Dec,1975,Texas,38,Colorado,21,
1976,Bluebonnet,Bluebonnet,Dec,1976,Nebraska,27,Texas Tech,24,
1977,Bluebonnet,Bluebonnet,Dec,1977,USC,47,Texas A&M,28,
1978,Bluebonnet,Bluebonnet,Dec,1978,Stanford,25,Georgia,22,
1979,Bluebonnet,Bluebonnet,Dec,1979,Purdue,27,Tennessee,22,
1980,Bluebonnet,Bluebonnet,Dec,1980,North Carolina,16,Texas,7,
1981,Bluebonnet,Bluebonnet,Dec,1981,Michigan,33,UCLA,14,
1982,Bluebonnet,Bluebonnet,Dec,1982,Arkansas,28,Florida,24,
1983,Bluebonnet,Bluebonnet,Dec,1983,Oklahoma St.,24,Baylor,14,
1984,Bluebonnet,Bluebonnet,Dec,1984,West Virginia,31,TCU,14,
1985,Bluebonnet,Bluebonnet,Dec,1985,Air Force,24,Texas,16,
1986,Bluebonnet,Bluebonnet,Dec,1986,Baylor,21,Colorado,9,
1987,Bluebonnet,Bluebonnet,Dec,1987,Texas,32,Pittsburgh,27,
1958,Bluegrass,Bluegrass,Dec,1958,Oklahoma St.,15,Florida St.,6,
2014,Boca Raton,Boca Raton,Dec,2014,Marshall,52,Northern Ill.,23,
2015,Boca Raton,Boca Raton,Dec,2015,Toledo,32,Temple,17,
2016,Boca Raton,Boca Raton,Dec,2016,Western Ky.,51,Memphis,31,
2017,Boca Raton,Boca Raton,Dec,2017,Fla. Atlantic,50,Akron,3,
2018,Boca Raton,Boca Raton,Dec,2018,UAB,37,Northern Ill.,13,
2019,Boca Raton,Boca Raton,Dec,2019,Fla. Atlantic,52,SMU,28,
2020,Boca Raton,Boca Raton,Dec,2020,BYU,49,UCF,23,
2021,Boca Raton,Boca Raton,Dec,2021,Western Ky.,59,Appalachian St.,38,
2022,Boca Raton,Boca Raton,Dec,2022,Toledo,21,Liberty,19,
2023,Boca Raton,Boca Raton,Dec,2023,South Florida,45,Syracuse,0,
2024,Boca Raton,Boca Raton,Dec,2024,James Madison,27,Western Ky.,17,
1981,California,Cal/LV,Dec,1981,Toledo,27,San Jose St.,25,
1982,California,Cal/LV,Dec,1982,Fresno St.,29,Bowling Green,28,
1983,California,Cal/LV,Dec,1983,Northern Ill.,20,CS Fullerton,13,
1984,California,Cal/LV,Dec,1984,UNLV,30,Toledo,13,
1985,California,Cal/LV,Dec,1985,Fresno St.,51,Bowling Green,7,
1986,California,Cal/LV,Dec,1986,San Jose St.,37,Miami Ohio,7,
1987,California,Cal/LV,Dec,1987,Eastern Mich.,30,San Jose St.,27,
1988,California Raisin,Cal/LV,Dec,1988,Fresno St.,35,Western Mich.,30,
1989,California Raisin,Cal/LV,Dec,1989,Fresno St.,27,Ball State,6,
1990,California Raisin,Cal/LV,Dec,1990,San Jose St.,48,Central Mich.,24,
1991,California Raisin,Cal/LV,Dec,1991,Bowling Green,28,Fresno St.,21,
1992,Las Vegas,Cal/LV,Dec,1992,Bowling Green,35,Nevada,34,
1993,Las Vegas,Cal/LV,Dec,1993,Utah State,42,Ball State,33,
1994,Las Vegas,Cal/LV,Dec,1994,UNLV,52,Central Mich.,24,
1995,Las Vegas,Cal/LV,Dec,1995,Toledo,40,Nevada,37,OT
1996,Las Vegas,Cal/LV,Dec,1996,Nevada,18,Ball State,15,
1997,Las Vegas,Cal/LV,Dec,1997,Oregon,41,Air Force,13,
1998,Las Vegas,Cal/LV,Dec,1998,North Carolina,20,San Diego St.,13,
1999,Las Vegas,Cal/LV,Dec,1999,Utah,17,Fresno St.,16,
2000,Las Vegas,Cal/LV,Dec,2000,UNLV,31,Arkansas,14,
2001,Las Vegas,Cal/LV,Dec,2001,Utah,10,USC,6,
2002,Las Vegas,Cal/LV,Dec,2002,UCLA,27,New Mexico,13,
2003,Las Vegas,Cal/LV,Dec,2003,Oregon St.,55,New Mexico,14,
2004,Las Vegas,Cal/LV,Dec,2004,Wyoming,24,UCLA,21,
2005,Las Vegas,Cal/LV,Dec,2005,California,35,BYU,28,
2006,Las Vegas,Cal/LV,Dec,2006,BYU,38,Oregon,8,
2007,Las Vegas,Cal/LV,Dec,2007,BYU,17,UCLA,16,
2008,Las Vegas,Cal/LV,Dec,2008,Arizona,31,BYU,21,
2009,Las Vegas,Cal/LV,Dec,2009,BYU,44,Oregon St.,20,
2010,Las Vegas,Cal/LV,Dec,2010,Boise St.,26,Utah,3,
2011,Las Vegas,Cal/LV,Dec,2011,Boise St.,56,Arizona St.,24,
2012,Las Vegas,Cal/LV,Dec,2012,Boise St.,28,Washington,26,
2013,Las Vegas,Cal/LV,Dec,2013,USC,45,Fresno St.,20,
2014,Las Vegas,Cal/LV,Dec,2014,Utah,45,Colorado St.,10,
2015,Las Vegas,Cal/LV,Dec,2015,Utah,35,BYU,28,
2016,Las Vegas,Cal/LV,Dec,2016,San Diego St.,34,Houston,10,
2017,Las Vegas,Cal/LV,Dec,2017,Boise St.,38,Oregon,28,
2018,Las Vegas,Cal/LV,Dec,2018,Fresno St.,31,Arizona St.,20,
2019,Las Vegas,Cal/LV,Dec,2019,Washington,38,Boise St.,7,
2020,Las Vegas,Cal/LV,(cancelled),,,,,,
2021,Las Vegas,Cal/LV,Dec,2021,Wisconsin,20,Arizona St.,13,
2022,Las Vegas,Cal/LV,Dec,2022,Oregon St.,30,Florida,3,
2023,Las Vegas,Cal/LV,Dec,2023,Northwestern,14,Utah,7,
2024,Las Vegas,Cal/LV,Dec,2024,USC,35,Texas A&M,31,
2014,Camellia,Camellia,Dec,2014,Bowling Green,33,South Alabama,28,
2015,Camellia,Camellia,Dec,2015,Appalachian St.,31,Ohio,29,
2016,Camellia,Camellia,Dec,2016,Appalachian St.,31,Toledo,28,
2017,Camellia,Camellia,Dec,2017,Middle Tenn.,35,Arkansas St.,30,
2018,Camellia,Camellia,Dec,2018,Ga. Southern,23,Eastern Mich.,21,
2019,Camellia,Camellia,Dec,2019,Arkansas St.,34,FIU,26,
2020,Camellia,Camellia,Dec,2020,Buffalo,17,Marshall,10,
2021,Camellia,Camellia,Dec,2021,Georgia St.,51,Ball State,20,
2022,Camellia,Camellia,Dec,2022,Buffalo,23,Ga. Southern,21,
2023,Camellia,Camellia,Dec,2023,Northern Ill.,21,Arkansas St.,19,
2024,Salute to Vets,Camellia,Dec,2024,South Alabama,30,Western Mich.,23,
1948,Camellia,Camellia 1940s,Dec,1948,Hardin Simmons,49,Wichita St.,12,
2014,CFP Champ,CFP Champ,Jan,2015,Ohio State,42,Oregon,20,Arlington
2015,CFP Champ,CFP Champ,Jan,2016,Alabama,45,Clemson,40,Glendale
2016,CFP Champ,CFP Champ,Jan,2017,Clemson,35,Alabama,31,Tampa
2017,CFP Champ,CFP Champ,Jan,2018,Alabama,26,Georgia,23,OT Atlanta
2018,CFP Champ,CFP Champ,Jan,2019,Clemson,44,Alabama,16,Santa Clara
2019,CFP Champ,CFP Champ,Jan,2020,LSU,45,Clemson,32,New Orleans
2020,CFP Champ,CFP Champ,Jan,2021,Alabama,52,Ohio State,24,Miami
2021,CFP Champ,CFP Champ,Jan,2022,Georgia,33,Alabama,18,Indianapolis
2022,CFP Champ,CFP Champ,Jan,2023,Georgia,65,TCU,7,Inglewood
2023,CFP Champ,CFP Champ,Jan,2024,Michigan,34,Washington,13,Houston
2024,CFP Champ,CFP Champ,Jan,2025,Ohio State,34,Notre Dame,23,Atlanta
2024,CFP First Round,CFP First Round,Dec,2024,Ohio State,42,Tennessee,17,
2024,CFP First Round,CFP First Round,Dec,2024,Texas,38,Clemson,24,
2024,CFP First Round,CFP First Round,Dec,2024,Notre Dame,27,Indiana,17,
2024,CFP First Round,CFP First Round,Dec,2024,Penn State,38,SMU,10,
1984,Cherry,Cherry,Dec,1984,Army,10,Michigan St.,6,
1985,Cherry,Cherry,Dec,1985,Maryland,35,Syracuse,18,
1946,Tangerine,Citrus,Jan,1947,Catawba,31,Maryville,0,
1947,Tangerine,Citrus,Jan,1948,Catawba,7,Marshall,0,
1948,Tangerine,Citrus,Jan,1949,Murray St.,21,Sul Ross St.,21,tie
1949,Tangerine,Citrus,Jan,1950,St. Vincent,7,Emory & Henry,6,
1950,Tangerine,Citrus,Jan,1951,Morris-Harvey,35,Emory & Henry,14,
1951,Tangerine,Citrus,Jan,1952,Stetson,35,Arkansas St.,20,
1952,Tangerine,Citrus,Jan,1953,TAMU Commerce,33,Tennessee Tech,0,
1953,Tangerine,Citrus,Jan,1954,Arkansas St.,7,TAMU Commerce,7,tie
1954,Tangerine,Citrus,Jan,1955,Omaha,7,Eastern Ky.,6,
1955,Tangerine,Citrus,Jan,1956,Juniata,6,Missouri Valley,6,tie
1956,Tangerine,Citrus,Jan,1957,West Texas A&M,20,Southern Miss,13,
1957,Tangerine,Citrus,Jan,1958,TAMU Commerce,10,Southern Miss,9,
1958,Tangerine,Citrus,Dec,1958,TAMU Commerce,26,Missouri Valley,7,
1959,Tangerine,Citrus,Jan,1960,Middle Tenn.,21,Presbyterian,12,
1960,Tangerine,Citrus,Dec,1960,Citadel,27,Tennessee Tech,0,
1961,Tangerine,Citrus,Dec,1961,Lamar,21,Middle Tenn.,14,
1962,Tangerine,Citrus,Dec,1962,Houston,49,Miami Ohio,21,
1963,Tangerine,Citrus,Dec,1963,Western Ky.,27,Coast Guard,0,
1964,Tangerine,Citrus,Dec,1964,East Carolina,14,Massachusetts,13,
1965,Tangerine,Citrus,Dec,1965,East Carolina,31,Maine,0,
1966,Tangerine,Citrus,Dec,1966,Morgan St.,14,West Chester,6,
1967,Tangerine,Citrus,Dec,1967,UT Martin,25,West Chester,8,
1968,Tangerine,Citrus,Dec,1968,Richmond,49,Ohio,42,
1969,Tangerine,Citrus,Dec,1969,Toledo,56,Davidson,33,
1970,Tangerine,Citrus,Dec,1970,Toledo,40,William & Mary,12,
1971,Tangerine,Citrus,Dec,1971,Toledo,28,Richmond,3,
1972,Tangerine,Citrus,Dec,1972,Tampa,21,Kent State,18,
1973,Tangerine,Citrus,Dec,1973,Miami Ohio,16,Florida,7,
1974,Tangerine,Citrus,Dec,1974,Miami Ohio,21,Georgia,10,
1975,Tangerine,Citrus,Dec,1975,Miami Ohio,20,South Carolina,7,
1976,Tangerine,Citrus,Dec,1976,Oklahoma St.,49,BYU,21,
1977,Tangerine,Citrus,Dec,1977,Florida St.,40,Texas Tech,17,
1978,Tangerine,Citrus,Dec,1978,NC State,30,Pittsburgh,17,
1979,Tangerine,Citrus,Dec,1979,LSU,34,Wake Forest,10,
1980,Tangerine,Citrus,Dec,1980,Florida,35,Maryland,20,
1981,Tangerine,Citrus,Dec,1981,Missouri,19,Southern Miss,17,
1982,Tangerine,Citrus,Dec,1982,Auburn,33,Boston College,26,
1983,Citrus,Citrus,Dec,1983,Tennessee,30,Maryland,23,
1984,Citrus,Citrus,Dec,1984,Florida St.,17,Georgia,17,tie
1985,Citrus,Citrus,Dec,1985,Ohio State,10,BYU,7,
1986,Citrus,Citrus,Jan,1987,Auburn,16,USC,7,
1987,Citrus,Citrus,Jan,1988,Clemson,35,Penn State,10,
1988,Citrus,Citrus,Jan,1989,Clemson,13,Oklahoma,6,
1989,Citrus,Citrus,Jan,1990,Illinois,31,Virginia,21,
1990,Citrus,Citrus,Jan,1991,Georgia Tech,45,Nebraska,21,
1991,Citrus,Citrus,Jan,1992,California,37,Clemson,13,
1992,Citrus,Citrus,Jan,1993,Georgia,21,Ohio State,14,
1993,Citrus,Citrus,Jan,1994,Penn State,31,Tennessee,13,
1994,Citrus,Citrus,Jan,1995,Alabama,24,Ohio State,17,
1995,Citrus,Citrus,Jan,1996,Tennessee,20,Ohio State,14,
1996,Citrus,Citrus,Jan,1997,Tennessee,48,Northwestern,28,
1997,Citrus,Citrus,Jan,1998,Florida,21,Penn State,6,
1998,Citrus,Citrus,Jan,1999,Michigan,45,Arkansas,31,
1999,Citrus,Citrus,Jan,2000,Michigan St.,37,Florida,34,
2000,Citrus,Citrus,Jan,2001,Michigan,31,Auburn,28,
2001,Citrus,Citrus,Jan,2002,Tennessee,45,Michigan,17,
2002,Capital One,Citrus,Jan,2003,Auburn,13,Penn State,9,
2003,Capital One,Citrus,Jan,2004,Georgia,34,Purdue,27,OT
2004,Capital One,Citrus,Jan,2005,Iowa,30,LSU,25,
2005,Capital One,Citrus,Jan,2006,Wisconsin,24,Auburn,10,
2006,Capital One,Citrus,Jan,2007,Wisconsin,17,Arkansas,14,
2007,Capital One,Citrus,Jan,2008,Michigan,41,Florida,35,
2008,Capital One,Citrus,Jan,2009,Georgia,24,Michigan St.,12,
2009,Capital One,Citrus,Jan,2010,Penn State,19,LSU,17,
2010,Capital One,Citrus,Jan,2011,Alabama,49,Michigan St.,7,
2011,Capital One,Citrus,Jan,2012,South Carolina,30,Nebraska,13,
2012,Capital One,Citrus,Jan,2013,Georgia,45,Nebraska,31,
2013,Capital One,Citrus,Jan,2014,South Carolina,34,Wisconsin,24,
2014,Citrus,Citrus,Jan,2015,Missouri,33,Minnesota,17,
2015,Citrus,Citrus,Jan,2016,Michigan,41,Florida,7,
2016,Citrus,Citrus,Dec,2016,LSU,29,Louisville,9,
2017,Citrus,Citrus,Jan,2018,Notre Dame,21,LSU,17,
2018,Citrus,Citrus,Jan,2019,Kentucky,27,Penn State,24,
2019,Citrus,Citrus,Jan,2020,Alabama,35,Michigan,16,
2020,Citrus,Citrus,Jan,2021,Northwestern,35,Auburn,19,
2021,Citrus,Citrus,Jan,2022,Kentucky,20,Iowa,17,
2022,Citrus,Citrus,Jan,2023,LSU,63,Purdue,7,
2023,Citrus,Citrus,Jan,2024,Tennessee,35,Iowa,0,
2024,Citrus,Citrus,Dec,2024,Illinois,21,South Carolina,17,
1989,Copper,Copper,Dec,1989,Arizona,17,NC State,10,
1990,Copper,Copper,Dec,1990,California,17,Wyoming,15,
1991,Copper,Copper,Dec,1991,Indiana,24,Baylor,0,
1992,Copper,Copper,Dec,1992,Washington St.,31,Utah,28,
1993,Copper,Copper,Dec,1993,Kansas St.,52,Wyoming,17,
1994,Copper,Copper,Dec,1994,BYU,31,Oklahoma,6,
1995,Copper,Copper,Dec,1995,Texas Tech,55,Air Force,41,
1996,Copper,Copper,Dec,1996,Wisconsin,38,Utah,10,
1997,Insight,Copper,Dec,1997,Arizona,20,New Mexico,14,
1998,Insight,Copper,Dec,1998,Missouri,34,West Virginia,31,
1999,Insight,Copper,Dec,1999,Colorado,62,Boston College,28,
2000,Insight,Copper,Dec,2000,Iowa State,37,Pittsburgh,29,
2001,Insight,Copper,Dec,2001,Syracuse,26,Kansas St.,3,
2002,Insight,Copper,Dec,2002,Pittsburgh,38,Oregon St.,13,
2003,Insight,Copper,Dec,2003,California,52,Virginia Tech,49,
2004,Insight,Copper,Dec,2004,Oregon St.,38,Notre Dame,21,
2005,Insight,Copper,Dec,2005,Arizona St.,45,Rutgers,40,
2006,Insight,Copper,Dec,2006,Texas Tech,44,Minnesota,41,2OT
2007,Insight,Copper,Dec,2007,Oklahoma St.,49,Indiana,33,
2008,Insight,Copper,Dec,2008,Kansas,42,Minnesota,21,
2009,Insight,Copper,Dec,2009,Iowa State,14,Minnesota,13,
2010,Insight,Copper,Dec,2010,Iowa,27,Missouri,24,
2011,Insight,Copper,Dec,2011,Oklahoma,31,Iowa,14,
2012,Buffalo Wild Wings,Copper,Dec,2012,Michigan St.,17,TCU,16,
2013,Buffalo Wild Wings,Copper,Dec,2013,Kansas St.,31,Michigan,14,
2014,Cactus,Copper,Jan,2015,Oklahoma St.,30,Washington,22,
2015,Cactus,Copper,Jan,2016,West Virginia,43,Arizona St.,42,
2016,Cactus,Copper,Dec,2016,Baylor,31,Boise St.,12,
2017,Cactus,Copper,Dec,2017,Kansas St.,35,UCLA,17,
2018,Cheez-It,Copper,Dec,2018,TCU,10,California,7,OT
2019,Cheez-It,Copper,Dec,2019,Air Force,31,Washington St.,21,
2020,Guranteed Rate,Copper,(cancelled),,,,,,
2021,Guranteed Rate,Copper,Dec,2021,Minnesota,18,West Virginia,6,
2022,Guranteed Rate,Copper,Dec,2022,Wisconsin,24,Oklahoma St.,17,
2023,Guranteed Rate,Copper,Dec,2023,Kansas,49,UNLV,36,
2024,Rate,Copper,Dec,2024,Kansas St.,44,Rutgers,41,
1936,Cotton,Cotton,Jan,1937,TCU,16,Marquette,6,
1937,Cotton,Cotton,Jan,1938,Rice,28,Colorado,14,
1938,Cotton,Cotton,Jan,1939,St. Mary's,20,Texas Tech,13,
1939,Cotton,Cotton,Jan,1940,Clemson,6,Boston College,3,
1940,Cotton,Cotton,Jan,1941,Texas A&M,13,Fordham,12,
1941,Cotton,Cotton,Jan,1942,Alabama,29,Texas A&M,21,
1942,Cotton,Cotton,Jan,1943,Texas,14,Georgia Tech,7,
1943,Cotton,Cotton,Jan,1944,Texas,7,Randolph Field,7,tie
1944,Cotton,Cotton,Jan,1945,Oklahoma St.,34,TCU,0,
1945,Cotton,Cotton,Jan,1946,Texas,40,Missouri,27,
1946,Cotton,Cotton,Jan,1947,Arkansas,0,LSU,0,tie
1947,Cotton,Cotton,Jan,1948,Penn State,13,SMU,13,tie
1948,Cotton,Cotton,Jan,1949,SMU,21,Oregon,13,
1949,Cotton,Cotton,Jan,1950,Rice,27,North Carolina,13,
1950,Cotton,Cotton,Jan,1951,Tennessee,20,Texas,14,
1951,Cotton,Cotton,Jan,1952,Kentucky,20,TCU,7,
1952,Cotton,Cotton,Jan,1953,Texas,16,Tennessee,0,
1953,Cotton,Cotton,Jan,1954,Rice,28,Alabama,6,
1954,Cotton,Cotton,Jan,1955,Georgia Tech,14,Arkansas,6,
1955,Cotton,Cotton,Jan,1956,Mississippi,14,TCU,13,
1956,Cotton,Cotton,Jan,1957,TCU,28,Syracuse,27,
1957,Cotton,Cotton,Jan,1958,Navy,20,Rice,7,
1958,Cotton,Cotton,Jan,1959,Air Force,0,TCU,0,tie
1959,Cotton,Cotton,Jan,1960,Syracuse,23,Texas,14,
1960,Cotton,Cotton,Jan,1961,Duke,7,Arkansas,6,
1961,Cotton,Cotton,Jan,1962,Texas,12,Mississippi,7,
1962,Cotton,Cotton,Jan,1963,LSU,13,Texas,0,
1963,Cotton,Cotton,Jan,1964,Texas,28,Navy,6,
1964,Cotton,Cotton,Jan,1965,Arkansas,10,Nebraska,7,
1965,Cotton,Cotton,Jan,1966,LSU,14,Arkansas,7,
1966,Cotton,Cotton,Dec,1966,Georgia,24,SMU,9,
1967,Cotton,Cotton,Jan,1968,Texas A&M,20,Alabama,16,
1968,Cotton,Cotton,Jan,1969,Texas,36,Tennessee,13,
1969,Cotton,Cotton,Jan,1970,Texas,21,Notre Dame,17,
1970,Cotton,Cotton,Jan,1971,Notre Dame,24,Texas,11,
1971,Cotton,Cotton,Jan,1972,Penn State,30,Texas,6,
1972,Cotton,Cotton,Jan,1973,Texas,17,Alabama,13,
1973,Cotton,Cotton,Jan,1974,Nebraska,19,Texas,3,
1974,Cotton,Cotton,Jan,1975,Penn State,41,Baylor,20,
1975,Cotton,Cotton,Jan,1976,Arkansas,31,Georgia,10,
1976,Cotton,Cotton,Jan,1977,Houston,30,Maryland,21,
1977,Cotton,Cotton,Jan,1978,Notre Dame,38,Texas,10,
1978,Cotton,Cotton,Jan,1979,Notre Dame,35,Houston,34,
1979,Cotton,Cotton,Jan,1980,Houston,17,Nebraska,14,
1980,Cotton,Cotton,Jan,1981,Alabama,30,Baylor,2,
1981,Cotton,Cotton,Jan,1982,Texas,14,Alabama,12,
1982,Cotton,Cotton,Jan,1983,SMU,7,Pittsburgh,3,
1983,Cotton,Cotton,Jan,1984,Georgia,10,Texas,9,
1984,Cotton,Cotton,Jan,1985,Boston College,45,Houston,28,
1985,Cotton,Cotton,Jan,1986,Texas A&M,36,Auburn,16,
1986,Cotton,Cotton,Jan,1987,Ohio State,28,Texas A&M,12,
1987,Cotton,Cotton,Jan,1988,Texas A&M,35,Notre Dame,10,
1988,Cotton,Cotton,Jan,1989,UCLA,17,Arkansas,3,
1989,Cotton,Cotton,Jan,1990,Tennessee,31,Arkansas,27,
1990,Cotton,Cotton,Jan,1991,Miami,46,Texas,3,
1991,Cotton,Cotton,Jan,1992,Florida St.,10,Texas A&M,2,
1992,Cotton,Cotton,Jan,1993,Notre Dame,28,Texas A&M,3,
1993,Cotton,Cotton,Jan,1994,Notre Dame,24,Texas A&M,21,
1994,Cotton,Cotton,Jan,1995,USC,55,Texas Tech,14,
1995,Cotton,Cotton,Jan,1996,Colorado,38,Oregon,6,
1996,Cotton,Cotton,Jan,1997,BYU,19,Kansas St.,15,
1997,Cotton,Cotton,Jan,1998,UCLA,29,Texas A&M,23,
1998,Cotton,Cotton,Jan,1999,Texas,38,Miss State,11,
1999,Cotton,Cotton,Jan,2000,Arkansas,27,Texas,6,
2000,Cotton,Cotton,Jan,2001,Kansas St.,35,Tennessee,21,
2001,Cotton,Cotton,Jan,2002,Oklahoma,10,Arkansas,3,
2002,Cotton,Cotton,Jan,2003,Texas,35,LSU,20,
2003,Cotton,Cotton,Jan,2004,Mississippi,31,Oklahoma St.,28,
2004,Cotton,Cotton,Jan,2005,Tennessee,38,Texas A&M,7,
2005,Cotton,Cotton,Jan,2006,Alabama,13,Texas Tech,10,
2006,Cotton,Cotton,Jan,2007,Auburn,17,Nebraska,14,
2007,Cotton,Cotton,Jan,2008,Missouri,38,Arkansas,7,
2008,Cotton,Cotton,Jan,2009,Mississippi,47,Texas Tech,34,
2009,Cotton,Cotton,Jan,2010,Mississippi,21,Oklahoma St.,7,
2010,Cotton,Cotton,Jan,2011,LSU,41,Texas A&M,24,
2011,Cotton,Cotton,Jan,2012,Arkansas,29,Kansas St.,16,
2012,Cotton,Cotton,Jan,2013,Texas A&M,41,Oklahoma,13,
2013,Cotton,Cotton,Jan,2014,Missouri,41,Oklahoma St.,31,
2014,Cotton,Cotton,Jan,2015,Michigan St.,42,Baylor,41,
2015,Cotton,Cotton,Dec,2015,Clemson,37,Oklahoma,17,Semifinal
2016,Cotton,Cotton,Jan,2017,Wisconsin,24,Western Mich.,16,
2017,Cotton,Cotton,Dec,2017,Ohio State,24,USC,7,
2018,Cotton,Cotton,Dec,2018,Clemson,30,Notre Dame,3,Semifinal
2019,Cotton,Cotton,Dec,2019,Penn State,53,Memphis,39,
2020,Cotton,Cotton,Dec,2020,Oklahoma,55,Florida,20,
2021,Cotton,Cotton,Dec,2021,Alabama,27,Cincinnati,6,Semifinal
2022,Cotton,Cotton,Jan,2023,Tulane,46,USC,45,
2023,Cotton,Cotton,Dec,2023,Missouri,14,Ohio State,3,
2024,Cotton,Cotton,Jan,2025,Ohio State,28,Texas,14,Semifinal
2015,Cure,Cure,Dec,2015,San Jose St.,27,Georgia St.,16,
2016,Cure,Cure,Dec,2016,Arkansas St.,31,UCF,13,
2017,Cure,Cure,Dec,2017,Georgia St.,27,Western Ky.,17,
2018,Cure,Cure,Dec,2018,Tulane,41,Louisiana,24,
2019,Cure,Cure,Dec,2019,Liberty,23,Ga. Southern,16,
2020,Cure,Cure,Dec,2020,Liberty,37,Coastal Carolina,34,OT
2021,Cure,Cure,Dec,2021,Coastal Carolina,47,Northern Ill.,41,
2022,Cure,Cure,Dec,2022,Troy,18,UTSA,12,
2023,Cure,Cure,Dec,2023,Appalachian St.,13,Miami Ohio,9,
2024,Cure,Cure,Dec,2024,Ohio,30,Jacksonville St.,27,
2005,CUSA Champ,CUSA Champ,,,Tulsa,44,UCF,27,
2006,CUSA Champ,CUSA Champ,,,Houston,34,Southern Miss,20,
2007,CUSA Champ,CUSA Champ,,,UCF,44,Tulsa,25,
2008,CUSA Champ,CUSA Champ,,,East Carolina,27,Tulsa,24,
2009,CUSA Champ,CUSA Champ,,,East Carolina,38,Houston,32,
2010,CUSA Champ,CUSA Champ,,,UCF,17,SMU,7,
2011,CUSA Champ,CUSA Champ,,,Southern Miss,49,Houston,28,
2012,CUSA Champ,CUSA Champ,,,Tulsa,33,UCF,27,
2013,CUSA Champ,CUSA Champ,,,Rice,41,Marshall,24,
2014,CUSA Champ,CUSA Champ,,,Marshall,26,Louisiana Tech,23,
2015,CUSA Champ,CUSA Champ,,,Western Ky.,45,Southern Miss,28,
2016,CUSA Champ,CUSA Champ,,,Western Ky.,58,Louisiana Tech,44,
2017,CUSA Champ,CUSA Champ,,,Fla. Atlantic,41,North Texas,17,
2018,CUSA Champ,CUSA Champ,,,UAB,27,Middle Tenn.,25,
2019,CUSA Champ,CUSA Champ,,,Fla. Atlantic,49,UAB,6,
2020,CUSA Champ,CUSA Champ,,,UAB,22,Marshall,13,
2021,CUSA Champ,CUSA Champ,,,UTSA,49,Western Ky.,41,
2022,CUSA Champ,CUSA Champ,,,UTSA,48,North Texas,27,
2023,CUSA Champ,CUSA Champ,,,Liberty,49,New Mexico St.,35,
2024,CUSA Champ,CUSA Champ,,,Jacksonville St.,52,Western Ky.,12,
1947,Delta,Delta,Jan,1948,Mississippi,13,TCU,9,
1948,Delta,Delta,Jan,1949,William & Mary,20,Oklahoma St.,0,
1947,Dixie Bowl,Dixie,Jan,1948,Arkansas,21,William & Mary,19,
1948,Dixie Bowl,Dixie,Jan,1949,Baylor,20,Wake Forest,7,
1921,Dixie Classic,Dixie Classic,Jan,1922,Texas A&M,22,Centre,14,
1924,Dixie Classic,Dixie Classic,Jan,1925,WV Wesleyan,9,SMU,7,
1933,Dixie Classic,Dixie Classic,Jan,1934,Centenary,7,Arkansas,7,tie
2020,Montgomery,Fenway,Dec,2020,Memphis,25,Fla. Atlantic,10,
2021,Fenway,Fenway,(cancelled),,,,,,
2022,Fenway,Fenway,Dec,2022,Louisville,24,Cincinnati,7,
2023,Fenway,Fenway,Dec,2023,Boston College,23,SMU,14,
2024,Fenway,Fenway,Dec,2024,Connecticut,27,North Carolina,14,
1971,Fiesta,Fiesta,Dec,1971,Arizona St.,45,Florida St.,38,
1972,Fiesta,Fiesta,Dec,1972,Arizona St.,49,Missouri,35,
1973,Fiesta,Fiesta,Dec,1973,Arizona St.,28,Pittsburgh,7,
1974,Fiesta,Fiesta,Dec,1974,Oklahoma St.,16,BYU,6,
1975,Fiesta,Fiesta,Dec,1975,Arizona St.,17,Nebraska,14,
1976,Fiesta,Fiesta,Dec,1976,Oklahoma,41,Wyoming,7,
1977,Fiesta,Fiesta,Dec,1977,Penn State,42,Arizona St.,30,
1978,Fiesta,Fiesta,Dec,1978,Arkansas,10,UCLA,10,tie
1979,Fiesta,Fiesta,Dec,1979,Pittsburgh,16,Arizona,10,
1980,Fiesta,Fiesta,Dec,1980,Penn State,31,Ohio State,19,
1981,Fiesta,Fiesta,Jan,1982,Penn State,26,USC,10,
1982,Fiesta,Fiesta,Jan,1983,Arizona St.,32,Oklahoma,21,
1983,Fiesta,Fiesta,Jan,1984,Ohio State,28,Pittsburgh,23,
1984,Fiesta,Fiesta,Jan,1985,UCLA,39,Miami,37,
1985,Fiesta,Fiesta,Jan,1986,Michigan,27,Nebraska,23,
1986,Fiesta,Fiesta,Jan,1987,Penn State,14,Miami,10,
1987,Fiesta,Fiesta,Jan,1988,Florida St.,31,Nebraska,28,
1988,Fiesta,Fiesta,Jan,1989,Notre Dame,34,West Virginia,21,
1989,Fiesta,Fiesta,Jan,1990,Florida St.,41,Nebraska,17,
1990,Fiesta,Fiesta,Jan,1991,Louisville,34,Alabama,7,
1991,Fiesta,Fiesta,Jan,1992,Penn State,42,Tennessee,17,
1992,Fiesta,Fiesta,Jan,1993,Syracuse,26,Colorado,22,
1993,Fiesta,Fiesta,Jan,1994,Arizona,29,Miami,0,
1994,Fiesta,Fiesta,Jan,1995,Colorado,41,Notre Dame,24,
1995,Fiesta,Fiesta,Jan,1996,Nebraska,62,Florida,24,
1996,Fiesta,Fiesta,Jan,1997,Penn State,38,Texas,15,
1997,Fiesta,Fiesta,Dec,1997,Kansas St.,35,Syracuse,18,
1998,Fiesta,Fiesta,Jan,1999,Tennessee,23,Florida St.,16,*
1999,Fiesta,Fiesta,Jan,2000,Nebraska,31,Tennessee,21,
2000,Fiesta,Fiesta,Jan,2001,Oregon St.,41,Notre Dame,9,
2001,Fiesta,Fiesta,Jan,2002,Oregon,38,Colorado,16,
2002,Fiesta,Fiesta,Jan,2003,Ohio State,31,Miami,24,2OT*
2003,Fiesta,Fiesta,Jan,2004,Ohio State,35,Kansas St.,28,
2004,Fiesta,Fiesta,Jan,2005,Utah,35,Pittsburgh,7,
2005,Fiesta,Fiesta,Jan,2006,Ohio State,34,Notre Dame,20,
2006,Fiesta,Fiesta,Jan,2007,Boise St.,43,Oklahoma,42,OT
2007,Fiesta,Fiesta,Jan,2008,West Virginia,48,Oklahoma,28,
2008,Fiesta,Fiesta,Jan,2009,Texas,24,Ohio State,21,
2009,Fiesta,Fiesta,Jan,2010,Boise St.,17,TCU,10,
2010,Fiesta,Fiesta,Jan,2011,Oklahoma,48,Connecticut,20,
2011,Fiesta,Fiesta,Jan,2012,Oklahoma St.,41,Stanford,38,OT
2012,Fiesta,Fiesta,Jan,2013,Oregon,35,Kansas St.,17,
2013,Fiesta,Fiesta,Jan,2014,UCF,52,Baylor,42,
2014,Fiesta,Fiesta,Dec,2014,Boise St.,38,Arizona,30,
2015,Fiesta,Fiesta,Jan,2016,Ohio State,44,Notre Dame,28,
2016,Fiesta,Fiesta,Dec,2016,Clemson,31,Ohio State,0,Semifinal
2017,Fiesta,Fiesta,Dec,2017,Penn State,35,Washington,28,
2018,Fiesta,Fiesta,Jan,2019,LSU,40,UCF,32,
2019,Fiesta,Fiesta,Dec,2019,Clemson,29,Ohio State,23,Semifinal
2020,Fiesta,Fiesta,Jan,2020,Iowa State,34,Oregon,17,
2021,Fiesta,Fiesta,Jan,2022,Oklahoma St.,37,Notre Dame,35,
2022,Fiesta,Fiesta,Dec,2022,TCU,51,Michigan,45,Semifinal
2023,Fiesta,Fiesta,Jan,2024,Oregon,45,Liberty,6,
2024,Fiesta,Fiesta,Dec,2024,Penn State,31,Boise St.,24,QF
1920,Fort Worth Classic,Fort Worth Classic,Jan,1921,Centre,63,TCU,7,
1984,Freedom,Freedom,Dec,1984,Iowa,55,Texas,17,
1985,Freedom,Freedom,Dec,1985,Washington,20,Colorado,17,
1986,Freedom,Freedom,Dec,1986,UCLA,31,BYU,10,
1987,Freedom,Freedom,Dec,1987,Arizona St.,33,Air Force,28,
1988,Freedom,Freedom,Dec,1988,BYU,20,Colorado,17,
1989,Freedom,Freedom,Dec,1989,Washington,34,Florida,7,
1990,Freedom,Freedom,Dec,1990,Colorado St.,32,Oregon,31,
1991,Freedom,Freedom,Dec,1991,Tulsa,28,San Diego St.,17,
1992,Freedom,Freedom,Dec,1992,Fresno St.,24,USC,7,
1993,Freedom,Freedom,Dec,1993,USC,28,Utah,21,
1994,Freedom,Freedom,Dec,1994,Utah,16,Arizona,13,
2017,Frisco,Frisco,Dec,2017,Louisiana Tech,51,SMU,10,
2018,Frisco,Frisco,Dec,2018,Ohio,27,San Diego St.,0,
2019,Frisco,Frisco,Dec,2019,Kent State,51,Utah State,41,
2020,Frisco,Frisco,(cancelled),,,,,,
2021,Frisco,Frisco,Dec,2021,San Diego St.,38,UTSA,24,
2022,Frisco,Frisco,Dec,2022,Boise St.,35,North Texas,32,
2023,Frisco,Frisco,Dec,2023,UTSA,35,Marshall,17,
2024,Frisco,Frisco,Dec,2024,Memphis,42,West Virginia,37,
2021,Frisco Classic,Frisco Classic,Dec,2021,Miami Ohio,27,North Texas,14,
1978,Garden State,Garden State,Dec,1978,Arizona St.,34,Rutgers,18,
1979,Garden State,Garden State,Dec,1979,Temple,28,California,17,
1980,Garden State,Garden State,Dec,1980,Houston,35,Navy,0,
1981,Garden State,Garden State,Dec,1981,Tennessee,28,Wisconsin,21,
1945,Gator,Gator,Jan,1946,Wake Forest,26,South Carolina,14,
1946,Gator,Gator,Jan,1947,Oklahoma,34,NC State,13,
1947,Gator,Gator,Jan,1948,Georgia,20,Maryland,20,tie
1948,Gator,Gator,Jan,1949,Clemson,24,Missouri,23,
1949,Gator,Gator,Jan,1950,Maryland,20,Missouri,7,
1950,Gator,Gator,Jan,1951,Wyoming,20,Wash. & Lee,7,
1951,Gator,Gator,Jan,1952,Miami,14,Clemson,0,
1952,Gator,Gator,Jan,1953,Florida,14,Tulsa,13,
1953,Gator,Gator,Jan,1954,Texas Tech,35,Auburn,13,
1954,Gator,Gator,Dec,1954,Auburn,33,Baylor,13,
1955,Gator,Gator,Dec,1955,Vanderbilt,25,Auburn,13,
1956,Gator,Gator,Dec,1956,Georgia Tech,21,Pittsburgh,14,
1957,Gator,Gator,Dec,1957,Tennessee,3,Texas A&M,0,
1958,Gator,Gator,Dec,1958,Mississippi,7,Florida,3,
1959,Gator,Gator,Jan,1960,Arkansas,14,Georgia Tech,7,
1960,Gator,Gator,Dec,1960,Florida,13,Baylor,12,
1961,Gator,Gator,Dec,1961,Penn State,30,Georgia Tech,15,
1962,Gator,Gator,Dec,1962,Florida,17,Penn State,7,
1963,Gator,Gator,Dec,1963,North Carolina,35,Air Force,0,
1964,Gator,Gator,Jan,1965,Florida St.,36,Oklahoma,19,
1965,Gator,Gator,Dec,1965,Georgia Tech,31,Texas Tech,21,
1966,Gator,Gator,Dec,1966,Tennessee,18,Syracuse,12,
1967,Gator,Gator,Dec,1967,Florida St.,17,Penn State,17,tie
1968,Gator,Gator,Dec,1968,Missouri,35,Alabama,10,
1969,Gator,Gator,Dec,1969,Florida,14,Tennessee,13,
1970,Gator,Gator,Jan,1971,Auburn,35,Mississippi,28,
1971,Gator,Gator,Dec,1971,Georgia,7,North Carolina,3,
1972,Gator,Gator,Dec,1972,Auburn,24,Colorado,3,
1973,Gator,Gator,Dec,1973,Texas Tech,28,Tennessee,19,
1974,Gator,Gator,Dec,1974,Auburn,27,Texas,3,
1975,Gator,Gator,Dec,1975,Maryland,13,Florida,0,
1976,Gator,Gator,Dec,1976,Notre Dame,20,Penn State,9,
1977,Gator,Gator,Dec,1977,Pittsburgh,34,Clemson,3,
1978,Gator,Gator,Dec,1978,Clemson,17,Ohio State,15,
1979,Gator,Gator,Dec,1979,North Carolina,17,Michigan,15,
1980,Gator,Gator,Dec,1980,Pittsburgh,37,South Carolina,9,
1981,Gator,Gator,Dec,1981,North Carolina,31,Arkansas,27,
1982,Gator,Gator,Dec,1982,Florida St.,31,West Virginia,12,
1983,Gator,Gator,Dec,1983,Florida,14,Iowa,6,
1984,Gator,Gator,Dec,1984,Oklahoma St.,21,South Carolina,14,
1985,Gator,Gator,Dec,1985,Florida St.,34,Oklahoma St.,23,
1986,Gator,Gator,Dec,1986,Clemson,27,Stanford,21,
1987,Gator,Gator,Dec,1987,LSU,30,South Carolina,13,
1988,Gator,Gator,Jan,1989,Georgia,34,Michigan St.,27,
1989,Gator,Gator,Dec,1989,Clemson,27,West Virginia,7,
1990,Gator,Gator,Jan,1991,Michigan,35,Mississippi,3,
1991,Gator,Gator,Dec,1991,Oklahoma,48,Virginia,14,
1992,Gator,Gator,Dec,1992,Florida,27,NC State,10,
1993,Gator,Gator,Dec,1993,Alabama,24,North Carolina,10,
1994,Gator,Gator,Dec,1994,Tennessee,45,Virginia Tech,23,
1995,Gator,Gator,Jan,1996,Syracuse,41,Clemson,0,
1996,Gator,Gator,Jan,1997,North Carolina,20,West Virginia,13,
1997,Gator,Gator,Jan,1998,North Carolina,42,Virginia Tech,3,
1998,Gator,Gator,Jan,1999,Georgia Tech,35,Notre Dame,28,
1999,Gator,Gator,Jan,2000,Miami,28,Georgia Tech,13,
2000,Gator,Gator,Jan,2001,Virginia Tech,41,Clemson,20,
2001,Gator,Gator,Jan,2002,Florida St.,30,Virginia Tech,17,
2002,Gator,Gator,Jan,2003,NC State,28,Notre Dame,6,
2003,Gator,Gator,Jan,2004,Maryland,41,West Virginia,7,
2004,Gator,Gator,Jan,2005,Florida St.,30,West Virginia,18,
2005,Gator,Gator,Jan,2006,Virginia Tech,35,Louisville,24,
2006,Gator,Gator,Jan,2007,West Virginia,38,Georgia Tech,35,
2007,Gator,Gator,Jan,2008,Texas Tech,31,Virginia,28,
2008,Gator,Gator,Jan,2009,Nebraska,26,Clemson,21,
2009,Gator,Gator,Jan,2010,Florida St.,33,West Virginia,21,
2010,Gator,Gator,Jan,2011,Miss State,52,Michigan,14,
2011,Gator,Gator,Jan,2012,Florida,24,Ohio State,17,
2012,Gator,Gator,Jan,2013,Northwestern,34,Miss State,20,
2013,Gator,Gator,Jan,2014,Nebraska,24,Georgia,19,
2014,TaxSlayer,Gator,Jan,2015,Tennessee,45,Iowa,28,
2015,TaxSlayer,Gator,Jan,2016,Georgia,24,Penn State,17,
2016,TaxSlayer,Gator,Dec,2016,Georgia Tech,33,Kentucky,18,
2017,TaxSlayer,Gator,Dec,2017,Miss State,31,Louisville,27,
2018,Gator,Gator,Dec,2018,Texas A&M,52,NC State,13,
2019,Gator,Gator,Jan,2020,Tennessee,23,Indiana,22,
2020,Gator,Gator,Jan,2021,Kentucky,23,NC State,21,
2021,Gator,Gator,Dec,2021,Wake Forest,38,Rutgers,10,
2022,Gator,Gator,Dec,2022,Notre Dame,45,South Carolina,38,
2023,Gator,Gator,Dec,2023,Clemson,38,Kentucky,35,
2024,Gator,Gator,Jan,2025,Mississippi,52,Duke,20,
1961,Gotham,Gotham,Dec,1961,Baylor,24,Utah State,9,
1962,Gotham,Gotham,Dec,1962,Nebraska,36,Miami,34,
1947,Great Lakes,Great Lakes,Dec,1947,Kentucky,24,Villanova,14,
1986,Hall of Fame,Hall of Fame,Dec,1986,Boston College,27,Georgia,24,
1987,Hall of Fame,Hall of Fame,Jan,1988,Michigan,28,Alabama,24,
1988,Hall of Fame,Hall of Fame,Jan,1989,Syracuse,23,LSU,10,
1989,Hall of Fame,Hall of Fame,Jan,1990,Auburn,31,Ohio State,14,
1990,Hall of Fame,Hall of Fame,Jan,1991,Clemson,30,Illinois,0,
1991,Hall of Fame,Hall of Fame,Jan,1992,Syracuse,24,Ohio State,17,
1992,Hall of Fame,Hall of Fame,Jan,1993,Tennessee,38,Boston College,23,
1993,Hall of Fame,Hall of Fame,Jan,1994,Michigan,42,NC State,7,
1994,Outback,Hall of Fame,Jan,1995,Wisconsin,34,Duke,20,
1995,Outback,Hall of Fame,Jan,1996,Penn State,43,Auburn,14,
1996,Outback,Hall of Fame,Jan,1997,Alabama,17,Michigan,14,
1997,Outback,Hall of Fame,Jan,1998,Georgia,33,Wisconsin,6,
1998,Outback,Hall of Fame,Jan,1999,Penn State,26,Kentucky,14,
1999,Outback,Hall of Fame,Jan,2000,Georgia,28,Purdue,25,OT
2000,Outback,Hall of Fame,Jan,2001,South Carolina,24,Ohio State,7,
2001,Outback,Hall of Fame,Jan,2002,South Carolina,31,Ohio State,28,
2002,Outback,Hall of Fame,Jan,2003,Michigan,38,Florida,30,
2003,Outback,Hall of Fame,Jan,2004,Iowa,37,Florida,17,
2004,Outback,Hall of Fame,Jan,2005,Georgia,24,Wisconsin,21,
2005,Outback,Hall of Fame,Jan,2006,Florida,31,Iowa,24,
2006,Outback,Hall of Fame,Jan,2007,Penn State,20,Tennessee,10,
2007,Outback,Hall of Fame,Jan,2008,Tennessee,21,Wisconsin,17,
2008,Outback,Hall of Fame,Jan,2009,Iowa,31,South Carolina,10,
2009,Outback,Hall of Fame,Jan,2010,Auburn,38,Northwestern,35,OT
2010,Outback,Hall of Fame,Jan,2011,Florida,37,Penn State,24,
2011,Outback,Hall of Fame,Jan,2012,Michigan St.,33,Georgia,30,3OT
2012,Outback,Hall of Fame,Jan,2013,South Carolina,33,Michigan,28,
2013,Outback,Hall of Fame,Jan,2014,LSU,21,Iowa,14,
2014,Outback,Hall of Fame,Jan,2015,Wisconsin,34,Auburn,31,OT
2015,Outback,Hall of Fame,Jan,2016,Tennessee,45,Northwestern,6,
2016,Outback,Hall of Fame,Jan,2017,Florida,30,Iowa,3,
2017,Outback,Hall of Fame,Jan,2018,South Carolina,26,Michigan,19,
2018,Outback,Hall of Fame,Jan,2019,Iowa,27,Miss State,22,
2019,Outback,Hall of Fame,Jan,2020,Minnesota,31,Auburn,24,
2020,Outback,Hall of Fame,Jan,2021,Mississippi,26,Indiana,20,
2021,Outback,Hall of Fame,Jan,2022,Arkansas,24,Penn State,10,
2022,ReliaQuest,Hall of Fame,Jan,2023,Miss State,19,Illinois,10,
2023,ReliaQuest,Hall of Fame,Jan,2024,LSU,35,Wisconsin,31,
2024,ReliaQuest,Hall of Fame,Dec,2024,Michigan,19,Alabama,13,
1946,Harbor,Harbor,Jan,1947,Montana St.,13,New Mexico,13,tie
1947,Harbor,Harbor,Jan,1948,Hardin Simmons,53,San Diego St.,0,
1948,Harbor,Harbor,Jan,1949,Villanova,27,Nevada,7,
2002,Hawaii,Hawaii,Dec,2002,Tulane,36,Hawaii,28,
2003,Hawaii,Hawaii,Dec,2003,Hawaii,54,Houston,48,3OT
2004,Hawaii,Hawaii,Dec,2004,Hawaii,59,UAB,40,
2005,Hawaii,Hawaii,Dec,2005,Nevada,49,UCF,48,OT
2006,Hawaii,Hawaii,Dec,2006,Hawaii,41,Arizona St.,24,
2007,Hawaii,Hawaii,Dec,2007,East Carolina,41,Boise St.,38,
2008,Hawaii,Hawaii,Dec,2008,Notre Dame,49,Hawaii,21,
2009,Hawaii,Hawaii,Dec,2009,SMU,45,Nevada,10,
2010,Hawaii,Hawaii,Dec,2010,Tulsa,62,Hawaii,35,
2011,Hawaii,Hawaii,Dec,2011,Southern Miss,24,Nevada,17,
2012,Hawaii,Hawaii,Dec,2012,SMU,43,Fresno St.,10,
2013,Hawaii,Hawaii,Dec,2013,Oregon St.,38,Boise St.,23,
2014,Hawaii,Hawaii,Dec,2014,Rice,30,Fresno St.,6,
2015,Hawaii,Hawaii,Dec,2015,San Diego St.,42,Cincinnati,7,
2016,Hawaii,Hawaii,Dec,2016,Hawaii,52,Middle Tenn.,35,
2017,Hawaii,Hawaii,Dec,2017,Fresno St.,33,Houston,27,
2018,Hawaii,Hawaii,Dec,2018,Louisiana Tech,31,Hawaii,14,
2019,Hawaii,Hawaii,Dec,2019,Hawaii,38,BYU,34,
2020,Hawaii,Hawaii,(cancelled),,,,,,
2021,Hawaii,Hawaii,(cancelled),,,,,,
2022,Hawaii,Hawaii,Dec,2022,Middle Tenn.,25,San Diego St.,23,
2023,Hawaii,Hawaii,Dec,2023,Coastal Carolina,24,San Jose St.,14,
2024,Hawaii,Hawaii,Dec,2024,South Florida,41,San Jose St.,39,5OT
2010,TicketCity,First Responder,Jan,2011,Texas Tech,45,Northwestern,38,
2011,TicketCity,First Responder,Jan,2012,Houston,30,Penn State,14,
2012,Heart of Dallas,First Responder,Jan,2013,Oklahoma St.,58,Purdue,14,
2013,Heart of Dallas,First Responder,Jan,2014,North Texas,36,UNLV,14,
2014,Heart of Dallas,First Responder,Dec,2014,Louisiana Tech,35,Illinois,18,
2015,Heart of Dallas,First Responder,Dec,2015,Washington,44,Southern Miss,31,
2016,Heart of Dallas,First Responder,Dec,2016,Army,38,North Texas,31,OT
2017,Heart of Dallas,First Responder,Dec,2017,Utah,30,West Virginia,14,
2018,First Responder,First Responder,Dec,2018,Boston College,0,Boise St.,0,Cancelled
2019,First Responder,First Responder,Dec,2019,Western Ky.,23,Western Mich.,20,
2020,First Responder,First Responder,Dec,2020,Louisiana,31,UTSA,24,
2021,First Responder,First Responder,Dec,2021,Air Force,31,Louisville,28,
2022,First Responder,First Responder,Dec,2022,Memphis,38,Utah State,10,
2023,First Responder,First Responder,Dec,2023,Texas St.,45,Rice,21,
2024,First Responder,First Responder,Jan,2025,Texas St.,30,North Texas,28,
1978,Holiday,Holiday,Dec,1978,Navy,23,BYU,16,
1979,Holiday,Holiday,Dec,1979,Indiana,38,BYU,37,
1980,Holiday,Holiday,Dec,1980,BYU,46,SMU,45,
1981,Holiday,Holiday,Dec,1981,BYU,38,Washington St.,36,
1982,Holiday,Holiday,Dec,1982,Ohio State,47,BYU,17,
1983,Holiday,Holiday,Dec,1983,BYU,21,Missouri,17,
1984,Holiday,Holiday,Dec,1984,BYU,24,Michigan,17,
1985,Holiday,Holiday,Dec,1985,Arkansas,18,Arizona St.,17,
1986,Holiday,Holiday,Dec,1986,Iowa,39,San Diego St.,38,
1987,Holiday,Holiday,Dec,1987,Iowa,20,Wyoming,19,
1988,Holiday,Holiday,Dec,1988,Oklahoma St.,62,Wyoming,14,
1989,Holiday,Holiday,Dec,1989,Penn State,50,BYU,39,
1990,Holiday,Holiday,Dec,1990,Texas A&M,65,BYU,14,
1991,Holiday,Holiday,Dec,1991,BYU,13,Iowa,13,tie
1992,Holiday,Holiday,Dec,1992,Hawaii,27,Illinois,17,
1993,Holiday,Holiday,Dec,1993,Ohio State,28,BYU,21,
1994,Holiday,Holiday,Dec,1994,Michigan,24,Colorado St.,14,
1995,Holiday,Holiday,Dec,1995,Kansas St.,54,Colorado St.,21,
1996,Holiday,Holiday,Dec,1996,Colorado,33,Washington,21,
1997,Holiday,Holiday,Dec,1997,Colorado St.,35,Missouri,24,
1998,Holiday,Holiday,Dec,1998,Arizona,23,Nebraska,20,
1999,Holiday,Holiday,Dec,1999,Kansas St.,24,Washington,20,
2000,Holiday,Holiday,Dec,2000,Oregon,35,Texas,30,
2001,Holiday,Holiday,Dec,2001,Texas,47,Washington,43,
2002,Holiday,Holiday,Dec,2002,Kansas St.,34,Arizona St.,27,
2003,Holiday,Holiday,Dec,2003,Washington St.,28,Texas,20,
2004,Holiday,Holiday,Dec,2004,Texas Tech,45,California,31,
2005,Holiday,Holiday,Dec,2005,Oklahoma,17,Oregon,14,
2006,Holiday,Holiday,Dec,2006,California,45,Texas A&M,10,
2007,Holiday,Holiday,Dec,2007,Texas,52,Arizona St.,34,
2008,Holiday,Holiday,Dec,2008,Oregon,42,Oklahoma St.,31,
2009,Holiday,Holiday,Dec,2009,Nebraska,33,Arizona,0,
2010,Holiday,Holiday,Dec,2010,Washington,19,Nebraska,7,
2011,Holiday,Holiday,Dec,2011,Texas,21,California,10,
2012,Holiday,Holiday,Dec,2012,Baylor,49,UCLA,26,
2013,Holiday,Holiday,Dec,2013,Texas Tech,37,Arizona St.,23,
2014,Holiday,Holiday,Dec,2014,USC,45,Nebraska,42,
2015,Holiday,Holiday,Dec,2015,Wisconsin,23,USC,21,
2016,Holiday,Holiday,Dec,2016,Minnesota,17,Washington St.,12,
2017,Holiday,Holiday,Dec,2017,Michigan St.,42,Washington St.,17,
2018,Holiday,Holiday,Dec,2018,Northwestern,31,Utah,20,
2019,Holiday,Holiday,Dec,2019,Iowa,49,USC,24,
2020,Holiday,Holiday,(cancelled),,,,,,
2021,Holiday,Holiday,(cancelled),,,,,,
2022,Holiday,Holiday,Dec,2022,Oregon,28,North Carolina,27,
2023,Holiday,Holiday,Dec,2023,USC,42,Louisville,28,
2024,Holiday,Holiday,Dec,2024,Syracuse,52,Washington St.,35,
2000,GalleyFurniture.com,Houston,Dec,2000,East Carolina,40,Texas Tech,27,
2001,GalleyFurniture.com,Houston,Dec,2001,Texas A&M,28,TCU,9,
2002,Houston,Houston,Dec,2002,Oklahoma St.,33,Southern Miss,23,
2003,Houston,Houston,Dec,2003,Texas Tech,38,Navy,14,
2004,Houston,Houston,Dec,2004,Colorado,33,UTEP,28,
2005,Houston,Houston,Dec,2005,TCU,27,Iowa State,24,
2006,Texas,Houston,Dec,2006,Rutgers,37,Kansas St.,10,
2007,Texas,Houston,Dec,2007,TCU,20,Houston,13,
2008,Texas,Houston,Dec,2008,Rice,38,Western Mich.,14,
2009,Texas,Houston,Dec,2009,Navy,35,Missouri,13,
2010,Texas,Houston,Dec,2010,Illinois,38,Baylor,14,
2011,Meineke Car Care,Houston,Dec,2011,Texas A&M,33,Northwestern,22,
2012,Meineke Car Care,Houston,Dec,2012,Texas Tech,34,Minnesota,31,
2013,Texas,Houston,Dec,2013,Syracuse,21,Minnesota,17,
2014,Texas,Houston,Dec,2014,Arkansas,31,Texas,7,
2015,Texas,Houston,Dec,2015,LSU,56,Texas Tech,27,
2016,Texas,Houston,Dec,2016,Kansas St.,33,Texas A&M,28,
2017,Texas,Houston,Dec,2017,Texas,33,Missouri,16,
2018,Texas,Houston,Dec,2018,Baylor,45,Vanderbilt,38,
2019,Texas,Houston,Dec,2019,Texas A&M,24,Oklahoma St.,21,
2020,Texas,Houston,(cancelled),,,,,,
2021,Texas,Houston,Jan,2022,Kansas St.,42,LSU,20,
2022,Texas,Houston,Dec,2022,Texas Tech,42,Mississippi,25,
2023,Texas,Houston,Dec,2023,Oklahoma St.,31,Texas A&M,23,
2024,Texas,Houston,Dec,2024,LSU,44,Baylor,31,
1997,Humanitarian,Idaho Potato,Dec,1997,Cincinnati,35,Utah State,19,
1998,Humanitarian,Idaho Potato,Dec,1998,Idaho,42,Southern Miss,35,
1999,Humanitarian,Idaho Potato,Dec,1999,Boise St.,34,Louisville,31,
2000,Humanitarian,Idaho Potato,Dec,2000,Boise St.,38,UTEP,23,
2001,Humanitarian,Idaho Potato,Dec,2001,Clemson,49,Louisiana Tech,24,
2002,Humanitarian,Idaho Potato,Dec,2002,Boise St.,34,Iowa State,16,
2003,Humanitarian,Idaho Potato,Jan,2004,Georgia Tech,52,Tulsa,10,
2004,MPC Computers,Idaho Potato,Dec,2004,Fresno St.,37,Virginia,34,OT
2005,MPC Computers,Idaho Potato,Dec,2005,Boston College,27,Boise St.,21,
2006,MPC Computers,Idaho Potato,Dec,2006,Miami,21,Nevada,20,
2007,Humanitarian,Idaho Potato,Dec,2007,Fresno St.,40,Georgia Tech,28,
2008,Humanitarian,Idaho Potato,Dec,2008,Maryland,42,Nevada,35,
2009,Humanitarian,Idaho Potato,Dec,2009,Idaho,43,Bowling Green,42,
2010,Humanitarian,Idaho Potato,Dec,2010,Northern Ill.,40,Fresno St.,17,
2011,Idaho Potato,Idaho Potato,Dec,2011,Ohio,24,Utah State,23,
2012,Idaho Potato,Idaho Potato,Dec,2012,Utah State,41,Toledo,15,
2013,Idaho Potato,Idaho Potato,Dec,2013,San Diego St.,49,Buffalo,24,
2014,Idaho Potato,Idaho Potato,Dec,2014,Air Force,38,Western Mich.,24,
2015,Idaho Potato,Idaho Potato,Dec,2015,Akron,23,Utah State,21,
2016,Idaho Potato,Idaho Potato,Dec,2016,Idaho,61,Colorado St.,50,
2017,Idaho Potato,Idaho Potato,Dec,2017,Wyoming,37,Central Mich.,14,
2018,Idaho Potato,Idaho Potato,Dec,2018,BYU,49,Western Mich.,18,
2019,Idaho Potato,Idaho Potato,Jan,2020,Ohio,30,Nevada,21,
2020,Idaho Potato,Idaho Potato,Dec,2020,Nevada,38,Tulane,27,
2021,Idaho Potato,Idaho Potato,Dec,2021,Wyoming,52,Kent State,38,
2022,Idaho Potato,Idaho Potato,Dec,2022,Eastern Mich.,41,San Jose St.,27,
2023,Idaho Potato,Idaho Potato,Dec,2023,Georgia St.,45,Utah State,22,
2024,Idaho Potato,Idaho Potato,Dec,2024,Northern Ill.,28,Fresno St.,20,2OT
1976,Independence,Independence,Dec,1976,McNeese,20,Tulsa,16,
1977,Independence,Independence,Dec,1977,Louisiana Tech,24,Louisville,14,
1978,Independence,Independence,Dec,1978,East Carolina,35,Louisiana Tech,13,
1979,Independence,Independence,Dec,1979,Syracuse,31,McNeese,7,
1980,Independence,Independence,Dec,1980,Southern Miss,16,McNeese,14,
1981,Independence,Independence,Dec,1981,Texas A&M,33,Oklahoma St.,16,
1982,Independence,Independence,Dec,1982,Wisconsin,14,Kansas St.,3,
1983,Independence,Independence,Dec,1983,Air Force,9,Mississippi,3,
1984,Independence,Independence,Dec,1984,Air Force,23,Virginia Tech,7,
1985,Independence,Independence,Dec,1985,Minnesota,20,Clemson,13,
1986,Independence,Independence,Dec,1986,Mississippi,20,Texas Tech,17,
1987,Independence,Independence,Dec,1987,Washington,24,Tulane,12,
1988,Independence,Independence,Dec,1988,Southern Miss,38,UTEP,18,
1989,Independence,Independence,Dec,1989,Oregon,27,Tulsa,24,
1990,Independence,Independence,Dec,1990,Louisiana Tech,34,Maryland,34,tie
1991,Independence,Independence,Dec,1991,Georgia,24,Arkansas,15,
1992,Independence,Independence,Dec,1992,Wake Forest,39,Oregon,35,
1993,Independence,Independence,Dec,1993,Virginia Tech,45,Indiana,20,
1994,Independence,Independence,Dec,1994,Virginia,20,TCU,10,
1995,Independence,Independence,Dec,1995,LSU,45,Michigan St.,26,
1996,Independence,Independence,Dec,1996,Auburn,32,Army,29,
1997,Independence,Independence,Dec,1997,LSU,27,Notre Dame,9,
1998,Independence,Independence,Dec,1998,Mississippi,35,Texas Tech,18,
1999,Independence,Independence,Dec,1999,Mississippi,27,Oklahoma,25,
2000,Independence,Independence,Dec,2000,Miss State,43,Texas A&M,41,OT
2001,Independence,Independence,Dec,2001,Alabama,14,Iowa State,13,
2002,Independence,Independence,Dec,2002,Mississippi,27,Nebraska,23,
2003,Independence,Independence,Dec,2003,Arkansas,27,Missouri,14,
2004,Independence,Independence,Dec,2004,Iowa State,17,Miami Ohio,13,
2005,Independence,Independence,Dec,2005,Missouri,38,South Carolina,31,
2006,Independence,Independence,Dec,2006,Oklahoma St.,34,Alabama,31,
2007,Independence,Independence,Dec,2007,Alabama,30,Colorado,24,
2008,Independence,Independence,Dec,2008,Louisiana Tech,17,Northern Ill.,10,
2009,Independence,Independence,Dec,2009,Georgia,44,Texas A&M,20,
2010,Independence,Independence,Dec,2010,Air Force,14,Georgia Tech,7,
2011,Independence,Independence,Dec,2011,Missouri,41,North Carolina,24,
2012,Independence,Independence,Dec,2012,Ohio,45,UL Monroe,14,
2013,AdvoCare V100,Independence,Dec,2013,Arizona,42,Boston College,19,
2014,Independence,Independence,Dec,2014,South Carolina,24,Miami,21,
2015,Independence,Independence,Dec,2015,Virginia Tech,55,Tulsa,52,
2016,Independence,Independence,Dec,2016,NC State,41,Vanderbilt,17,
2017,Independence,Independence,Dec,2017,Florida St.,42,Southern Miss,13,
2018,Independence,Independence,Dec,2018,Duke,56,Temple,27,
2019,Independence,Independence,Dec,2019,Louisiana Tech,14,Miami,0,
2020,Independence,Independence,(cancelled),,,,,,
2021,Independence,Independence,Dec,2021,UAB,31,BYU,28,
2022,Independence,Independence,Dec,2022,Houston,23,Louisiana,16,
2023,Independence,Independence,Dec,2023,Texas Tech,34,California,14,
2024,Independence,Independence,Dec,2024,Army,27,Louisiana Tech,6,
2006,International,International,Jan,2007,Cincinnati,27,Western Mich.,24,
2007,International,International,Jan,2008,Rutgers,52,Ball State,20,
2008,International,International,Jan,2009,Connecticut,38,Buffalo,20,
2009,International,International,Jan,2010,South Florida,27,Northern Ill.,3,
2021,LA,LA,Dec,2021,Utah State,24,Oregon St.,13,
2022,LA,LA,Dec,2022,Fresno St.,29,Washington St.,6,
2023,LA,LA,Dec,2023,UCLA,35,Boise St.,22,
2024,LA,LA,Dec,2024,UNLV,24,California,13,
1924,LA Christmas,LA Christmas,Dec,1924,USC,20,Missouri,7,
1959,Liberty,Liberty,Dec,1959,Penn State,7,Alabama,0,
1960,Liberty,Liberty,Dec,1960,Penn State,41,Oregon,12,
1961,Liberty,Liberty,Dec,1961,Syracuse,15,Miami,14,
1962,Liberty,Liberty,Dec,1962,Oregon St.,6,Villanova,0,
1963,Liberty,Liberty,Dec,1963,Miss State,16,NC State,12,
1964,Liberty,Liberty,Dec,1964,Utah,32,West Virginia,6,
1965,Liberty,Liberty,Dec,1965,Mississippi,13,Auburn,7,
1966,Liberty,Liberty,Dec,1966,Miami,14,Virginia Tech,7,
1967,Liberty,Liberty,Dec,1967,NC State,14,Georgia,7,
1968,Liberty,Liberty,Dec,1968,Mississippi,34,Virginia Tech,17,
1969,Liberty,Liberty,Dec,1969,Colorado,47,Alabama,33,
1970,Liberty,Liberty,Dec,1970,Tulane,17,Colorado,3,
1971,Liberty,Liberty,Dec,1971,Tennessee,14,Arkansas,13,
1972,Liberty,Liberty,Dec,1972,Georgia Tech,31,Iowa State,30,
1973,Liberty,Liberty,Dec,1973,NC State,31,Kansas,18,
1974,Liberty,Liberty,Dec,1974,Tennessee,7,Maryland,3,
1975,Liberty,Liberty,Dec,1975,USC,20,Texas A&M,0,
1976,Liberty,Liberty,Dec,1976,Alabama,36,UCLA,6,
1977,Liberty,Liberty,Dec,1977,Nebraska,21,North Carolina,17,
1978,Liberty,Liberty,Dec,1978,Missouri,20,LSU,15,
1979,Liberty,Liberty,Dec,1979,Penn State,9,Tulane,6,
1980,Liberty,Liberty,Dec,1980,Purdue,28,Missouri,25,
1981,Liberty,Liberty,Dec,1981,Ohio State,31,Navy,28,
1982,Liberty,Liberty,Dec,1982,Alabama,21,Illinois,15,
1983,Liberty,Liberty,Dec,1983,Notre Dame,19,Boston College,18,
1984,Liberty,Liberty,Dec,1984,Auburn,21,Arkansas,15,
1985,Liberty,Liberty,Dec,1985,Baylor,21,LSU,7,
1986,Liberty,Liberty,Dec,1986,Tennessee,21,Minnesota,14,
1987,Liberty,Liberty,Dec,1987,Georgia,20,Arkansas,17,
1988,Liberty,Liberty,Dec,1988,Indiana,34,South Carolina,10,
1989,Liberty,Liberty,Dec,1989,Mississippi,42,Air Force,29,
1990,Liberty,Liberty,Dec,1990,Air Force,23,Ohio State,11,
1991,Liberty,Liberty,Dec,1991,Air Force,38,Miss State,15,
1992,Liberty,Liberty,Dec,1992,Mississippi,13,Air Force,0,
