season,conference,splits,winner,wscore,loser,lscore,note
1953,ACC,1,Duke,,,,
1953,ACC,2,Maryland,,,,
1954,ACC,1,Duke,,,,
1955,ACC,1,Maryland,,,,
1955,ACC,2,Duke,,,,
1956,ACC,1,Clemson,,,,
1957,ACC,1,NC State,,,,
1958,ACC,1,Clemson,,,,
1959,ACC,1,Clemson,,,,
1960,ACC,1,Duke,,,,
1961,ACC,1,Duke,,,,
1962,ACC,1,Duke,,,,
1963,ACC,1,North Carolina,,,,
1963,ACC,2,NC State,,,,
1964,ACC,1,NC State,,,,
1965,ACC,1,Clemson,,,,
1965,ACC,2,NC State,,,,
1966,ACC,1,Clemson,,,,
1967,ACC,1,Clemson,,,,
1968,ACC,1,NC State,,,,
1969,ACC,1,South Carolina,,,,
1970,ACC,1,Wake Forest,,,,
1971,ACC,1,North Carolina,,,,
1972,ACC,1,North Carolina,,,,
1973,ACC,1,NC State,,,,
1974,ACC,1,Maryland,,,,
1975,ACC,1,Maryland,,,,
1976,ACC,1,Maryland,,,,
1977,ACC,1,North Carolina,,,,
1978,ACC,1,Clemson,,,,
1979,ACC,1,NC State,,,,
1980,ACC,1,North Carolina,,,,
1981,ACC,1,Clemson,,,,
1982,ACC,1,Clemson,,,,
1983,ACC,1,Maryland,,,,
1984,ACC,1,Maryland,,,,
1985,ACC,1,Maryland,,,,
1986,ACC,1,Clemson,,,,
1987,ACC,1,Clemson,,,,
1988,ACC,1,Clemson,,,,
1989,ACC,1,Virginia,,,,
1989,ACC,2,Duke,,,,
1990,ACC,1,Georgia Tech,,,,
1991,ACC,1,Clemson,,,,
1992,ACC,1,Florida St.,,,,
1993,ACC,1,Florida St.,,,,
1994,ACC,1,Florida St.,,,,
1995,ACC,1,Virginia,,,,
1995,ACC,2,Florida St.,,,,
1996,ACC,1,Florida St.,,,,
1997,ACC,1,Florida St.,,,,
1998,ACC,1,Florida St.,,,,
1998,ACC,2,Georgia Tech,,,,
1999,ACC,1,Florida St.,,,,
2000,ACC,1,Florida St.,,,,
2001,ACC,1,Maryland,,,,
2002,ACC,1,Florida St.,,,,
2003,ACC,1,Florida St.,,,,
2004,ACC,1,Virginia Tech,,,,
2005,ACC,1,Florida St.,27,Virginia Tech,22,
2006,ACC,1,Wake Forest,9,Georgia Tech,6,
2007,ACC,1,Virginia Tech,30,Boston College,16,
2008,ACC,1,Virginia Tech,30,Boston College,12,
2009,ACC,1,Georgia Tech,39,Clemson,34,
2010,ACC,1,Virginia Tech,44,Florida St.,33,
2011,ACC,1,Clemson,38,Virginia Tech,10,
2012,ACC,1,Florida St.,21,Georgia Tech,15,
2013,ACC,1,Florida St.,45,Duke,7,
2014,ACC,1,Florida St.,37,Georgia Tech,35,
2015,ACC,1,Clemson,45,North Carolina,37,
2016,ACC,1,Clemson,42,Virginia Tech,35,
2017,ACC,1,Clemson,38,Miami,3,
2018,ACC,1,Clemson,42,Pittsburgh,10,
2019,ACC,1,Clemson,62,Virginia,17,
2020,ACC,1,Clemson,34,Notre Dame,10,
2021,ACC,1,Pittsburgh,45,Wake Forest,21,
2022,ACC,1,Clemson,39,North Carolina,10,
2023,ACC,1,Florida St.,16,Louisville,6,
2024,ACC,1,Clemson,34,SMU,31,
2013,American,1,UCF,,,,
2014,American,1,Cincinnati,,,,
2014,American,2,Memphis,,,,
2014,American,3,UCF,,,,
2015,American,1,Houston,24,Temple,13,
2016,American,1,Temple,34,Navy,10,
2017,American,1,UCF,62,Memphis,55,
2018,American,1,UCF,56,Memphis,41,
2019,American,1,Memphis,29,Cincinnati,24,
2020,American,1,Cincinnati,27,Tulsa,24,
2021,American,1,Cincinnati,35,Houston,20,
2022,American,1,Tulane,45,UCF,28,
2023,American,1,SMU,26,Tulane,14,
2024,American,1,Army,35,Tulane,14,
1996,Big 12,1,Texas,37,Nebraska,27,
1997,Big 12,1,Nebraska,54,Texas A&M,15,
1998,Big 12,1,Texas A&M,36,Kansas St.,33,
1999,Big 12,1,Nebraska,22,Texas,6,
2000,Big 12,1,Oklahoma,27,Kansas St.,24,
2001,Big 12,1,Colorado,39,Texas,37,
2002,Big 12,1,Oklahoma,29,Colorado,7,
2003,Big 12,1,Kansas St.,35,Oklahoma,7,
2004,Big 12,1,Oklahoma,42,Colorado,3,
2005,Big 12,1,Texas,70,Colorado,3,
2006,Big 12,1,Oklahoma,21,Nebraska,7,
2007,Big 12,1,Oklahoma,38,Missouri,17,
2008,Big 12,1,Oklahoma,62,Missouri,21,
2009,Big 12,1,Texas,13,Nebraska,12,
2010,Big 12,1,Oklahoma,23,Nebraska,20,
2011,Big 12,1,Oklahoma St.,,,,
2012,Big 12,1,Kansas St.,,,,
2012,Big 12,2,Oklahoma,,,,
2013,Big 12,1,Baylor,,,,
2014,Big 12,1,Baylor,,,,
2014,Big 12,2,TCU,,,,
2015,Big 12,1,Oklahoma St.,,,,
2016,Big 12,1,Oklahoma,,,,
2017,Big 12,1,Oklahoma,41,TCU,17,
2018,Big 12,1,Oklahoma,39,Texas,27,
2019,Big 12,1,Oklahoma,30,Baylor,23,
2020,Big 12,1,Oklahoma,27,Iowa State,21,
2021,Big 12,1,Baylor,21,Oklahoma St.,16,
2022,Big 12,1,Kansas St.,31,TCU,28,
2023,Big 12,1,Texas,49,Oklahoma St.,21,
2024,Big 12,1,Arizona St.,45,Iowa State,19,
1907,Big 8,1,Iowa,,,,
1907,Big 8,2,Nebraska,,,,
1908,Big 8,1,Kansas,,,,
1909,Big 8,1,Missouri,,,,
1910,Big 8,1,Nebraska,,,,
1911,Big 8,1,Iowa State,,,,
1911,Big 8,2,Nebraska,,,,
1912,Big 8,1,Iowa State,,,,
1912,Big 8,2,Nebraska,,,,
1913,Big 8,1,Nebraska,,,,
1913,Big 8,2,Missouri,,,,
1914,Big 8,1,Nebraska,,,,
1915,Big 8,1,Nebraska,,,,
1916,Big 8,1,Nebraska,,,,
1917,Big 8,1,Nebraska,,,,
1918,Big 8,1,No champion,,,,
1919,Big 8,1,Missouri,,,,
1920,Big 8,1,Oklahoma,,,,
1921,Big 8,1,Nebraska,,,,
1922,Big 8,1,Nebraska,,,,
1923,Big 8,1,Nebraska,,,,
1924,Big 8,1,Missouri,,,,
1925,Big 8,1,Missouri,,,,
1926,Big 8,1,Oklahoma St.,,,,
1927,Big 8,1,Missouri,,,,
1928,Big 8,1,Nebraska,,,,
1929,Big 8,1,Nebraska,,,,
1930,Big 8,1,Kansas,,,,
1931,Big 8,1,Nebraska,,,,
1932,Big 8,1,Nebraska,,,,
1933,Big 8,1,Nebraska,,,,
1934,Big 8,1,Kansas St.,,,,
1935,Big 8,1,Nebraska,,,,
1936,Big 8,1,Nebraska,,,,
1937,Big 8,1,Nebraska,,,,
1938,Big 8,1,Oklahoma,,,,
1939,Big 8,1,Missouri,,,,
1940,Big 8,1,Nebraska,,,,
1941,Big 8,1,Missouri,,,,
1942,Big 8,1,Missouri,,,,
1943,Big 8,1,Oklahoma,,,,
1944,Big 8,1,Oklahoma,,,,
1945,Big 8,1,Missouri,,,,
1946,Big 8,1,Oklahoma,,,,
1946,Big 8,2,Kansas,,,,
1947,Big 8,1,Oklahoma,,,,
1947,Big 8,2,Kansas,,,,
1948,Big 8,1,Oklahoma,,,,
1949,Big 8,1,Oklahoma,,,,
1950,Big 8,1,Oklahoma,,,,
1951,Big 8,1,Oklahoma,,,,
1952,Big 8,1,Oklahoma,,,,
1953,Big 8,1,Oklahoma,,,,
1954,Big 8,1,Oklahoma,,,,
1955,Big 8,1,Oklahoma,,,,
1956,Big 8,1,Oklahoma,,,,
1957,Big 8,1,Oklahoma,,,,
1958,Big 8,1,Oklahoma,,,,
1959,Big 8,1,Oklahoma,,,,
1960,Big 8,1,Missouri,,,,
1961,Big 8,1,Colorado,,,,
1962,Big 8,1,Oklahoma,,,,
1963,Big 8,1,Nebraska,,,,
1964,Big 8,1,Nebraska,,,,
1965,Big 8,1,Nebraska,,,,
1966,Big 8,1,Nebraska,,,,
1967,Big 8,1,Oklahoma,,,,
1968,Big 8,1,Kansas,,,,
1968,Big 8,2,Oklahoma,,,,
1969,Big 8,1,Missouri,,,,
1969,Big 8,2,Nebraska,,,,
1970,Big 8,1,Nebraska,,,,
1971,Big 8,1,Nebraska,,,,
1972,Big 8,1,Nebraska,,,,Oklahoma (5-1-1) forfeited title
1973,Big 8,1,Oklahoma,,,,
1974,Big 8,1,Oklahoma,,,,
1975,Big 8,1,Nebraska,,,,
1975,Big 8,2,Oklahoma,,,,
1976,Big 8,1,Colorado,,,,
1976,Big 8,2,Oklahoma,,,,
1976,Big 8,3,Oklahoma St.,,,,
1977,Big 8,1,Oklahoma,,,,
1978,Big 8,1,Nebraska,,,,
1978,Big 8,2,Oklahoma,,,,
1979,Big 8,1,Oklahoma,,,,
1980,Big 8,1,Oklahoma,,,,
1981,Big 8,1,Nebraska,,,,
1982,Big 8,1,Nebraska,,,,
1983,Big 8,1,Nebraska,,,,
1984,Big 8,1,Oklahoma,,,,
1984,Big 8,2,Nebraska,,,,
1985,Big 8,1,Oklahoma,,,,
1986,Big 8,1,Oklahoma,,,,
1987,Big 8,1,Oklahoma,,,,
1988,Big 8,1,Nebraska,,,,
1989,Big 8,1,Colorado,,,,
1990,Big 8,1,Colorado,,,,
1991,Big 8,1,Colorado,,,,
1991,Big 8,2,Nebraska,,,,
1992,Big 8,1,Nebraska,,,,
1993,Big 8,1,Nebraska,,,,
1994,Big 8,1,Nebraska,,,,
1995,Big 8,1,Nebraska,,,,
1991,Big East,1,Miami,,,,
1991,Big East,2,Syracuse,,,,
1992,Big East,1,Miami,,,,
1993,Big East,1,West Virginia,,,,
1994,Big East,1,Miami,,,,
1995,Big East,1,Virginia Tech,,,,
1995,Big East,2,Miami,,,,
1996,Big East,1,Virginia Tech,,,,
1996,Big East,2,Miami,,,,
1996,Big East,3,Syracuse,,,,
1997,Big East,1,Syracuse,,,,
1998,Big East,1,Syracuse,,,,
1999,Big East,1,Virginia Tech,,,,
2000,Big East,1,Miami,,,,
2001,Big East,1,Miami,,,,
2002,Big East,1,Miami,,,,
2003,Big East,1,Miami,,,,
2003,Big East,2,West Virginia,,,,
2004,Big East,1,Pittsburgh,,,,
2004,Big East,2,Boston College,,,,
2004,Big East,3,Syracuse,,,,
2004,Big East,4,West Virginia,,,,
2005,Big East,1,West Virginia,,,,
2006,Big East,1,Louisville,,,,
2007,Big East,1,Connecticut,,,,
2007,Big East,2,West Virginia,,,,
2008,Big East,1,Cincinnati,,,,
2009,Big East,1,Cincinnati,,,,
2010,Big East,1,West Virginia,,,,
2010,Big East,2,Connecticut,,,,
2010,Big East,3,Pittsburgh,,,,
2011,Big East,1,West Virginia,,,,
2011,Big East,2,Cincinnati,,,,
2011,Big East,3,Louisville,,,,
2012,Big East,1,Louisville,,,,
2012,Big East,2,Cincinnati,,,,
2012,Big East,3,Rutgers,,,,
2012,Big East,4,Syracuse,,,,
1896,Big Ten,1,Wisconsin,,,,
1897,Big Ten,1,Wisconsin,,,,
1898,Big Ten,1,Michigan,,,,
1899,Big Ten,1,Chicago,,,,
1900,Big Ten,1,Iowa,,,,
1900,Big Ten,2,Minnesota,,,,
1901,Big Ten,1,Michigan,,,,
1901,Big Ten,2,Wisconsin,,,,
1902,Big Ten,1,Michigan,,,,
1903,Big Ten,1,Michigan,,,,
1903,Big Ten,2,Minnesota,,,,
1903,Big Ten,3,Northwestern,,,,
1904,Big Ten,1,Minnesota,,,,
1904,Big Ten,2,Michigan,,,,
1905,Big Ten,1,Chicago,,,,
1906,Big Ten,1,Wisconsin,,,,
1906,Big Ten,2,Minnesota,,,,
1906,Big Ten,3,Michigan,,,,
1907,Big Ten,1,Chicago,,,,
1908,Big Ten,1,Chicago,,,,
1909,Big Ten,1,Minnesota,,,,
1910,Big Ten,1,Illinois,,,,
1910,Big Ten,2,Minnesota,,,,
1911,Big Ten,1,Minnesota,,,,
1912,Big Ten,1,Wisconsin,,,,
1913,Big Ten,1,Chicago,,,,
1914,Big Ten,1,Illinois,,,,
1915,Big Ten,1,Minnesota,,,,
1915,Big Ten,2,Illinois,,,,
1916,Big Ten,1,Ohio State,,,,
1917,Big Ten,1,Ohio State,,,,
1918,Big Ten,1,Illinois,,,,
1918,Big Ten,2,Michigan,,,,
1918,Big Ten,3,Purdue,,,,
1919,Big Ten,1,Illinois,,,,
1920,Big Ten,1,Ohio State,,,,
1921,Big Ten,1,Iowa,,,,
1922,Big Ten,1,Iowa,,,,
1922,Big Ten,2,Michigan,,,,
1923,Big Ten,1,Illinois,,,,
1923,Big Ten,2,Michigan,,,,
1924,Big Ten,1,Chicago,,,,
1925,Big Ten,1,Michigan,,,,
1926,Big Ten,1,Michigan,,,,
1926,Big Ten,2,Northwestern,,,,
1927,Big Ten,1,Illinois,,,,
1928,Big Ten,1,Illinois,,,,
1929,Big Ten,1,Purdue,,,,
1930,Big Ten,1,Michigan,,,,
1930,Big Ten,2,Northwestern,,,,
1931,Big Ten,1,Purdue,,,,
1931,Big Ten,2,Michigan,,,,
1931,Big Ten,3,Northwestern,,,,
1932,Big Ten,1,Michigan,,,,
1933,Big Ten,1,Michigan,,,,
1934,Big Ten,1,Minnesota,,,,
1935,Big Ten,1,Minnesota,,,,
1935,Big Ten,2,Ohio State,,,,
1936,Big Ten,1,Northwestern,,,,
1937,Big Ten,1,Minnesota,,,,
1938,Big Ten,1,Minnesota,,,,
1939,Big Ten,1,Ohio State,,,,
1940,Big Ten,1,Minnesota,,,,
1941,Big Ten,1,Minnesota,,,,
1942,Big Ten,1,Ohio State,,,,
1943,Big Ten,1,Purdue,,,,
1943,Big Ten,2,Michigan,,,,
1944,Big Ten,1,Ohio State,,,,
1945,Big Ten,1,Indiana,,,,
1946,Big Ten,1,Illinois,,,,
1947,Big Ten,1,Michigan,,,,
1948,Big Ten,1,Michigan,,,,
1949,Big Ten,1,Ohio State,,,,
1949,Big Ten,2,Michigan,,,,
1950,Big Ten,1,Michigan,,,,
1951,Big Ten,1,Illinois,,,,
1952,Big Ten,1,Wisconsin,,,,
1952,Big Ten,2,Purdue,,,,
1953,Big Ten,1,Illinois,,,,
1953,Big Ten,2,Michigan St.,,,,
1954,Big Ten,1,Ohio State,,,,
1955,Big Ten,1,Ohio State,,,,
1956,Big Ten,1,Iowa,,,,
1957,Big Ten,1,Ohio State,,,,
1958,Big Ten,1,Iowa,,,,
1959,Big Ten,1,Wisconsin,,,,
1960,Big Ten,1,Minnesota,,,,
1960,Big Ten,2,Iowa,,,,
1961,Big Ten,1,Ohio State,,,,
1962,Big Ten,1,Wisconsin,,,,
1963,Big Ten,1,Illinois,,,,
1964,Big Ten,1,Michigan,,,,
1965,Big Ten,1,Michigan St.,,,,
1966,Big Ten,1,Michigan St.,,,,
1967,Big Ten,1,Indiana,,,,
1967,Big Ten,2,Purdue,,,,
1967,Big Ten,3,Minnesota,,,,
1968,Big Ten,1,Ohio State,,,,
1969,Big Ten,1,Ohio State,,,,
1969,Big Ten,2,Michigan,,,,
1970,Big Ten,1,Ohio State,,,,
1971,Big Ten,1,Michigan,,,,
1972,Big Ten,1,Ohio State,,,,
1972,Big Ten,2,Michigan,,,,
1973,Big Ten,1,Michigan,,,,
1973,Big Ten,2,Ohio State,,,,
1974,Big Ten,1,Ohio State,,,,
1974,Big Ten,2,Michigan,,,,
1975,Big Ten,1,Ohio State,,,,
1976,Big Ten,1,Michigan,,,,
1976,Big Ten,2,Ohio State,,,,
1977,Big Ten,1,Ohio State,,,,
1977,Big Ten,2,Michigan,,,,
1978,Big Ten,1,Michigan,,,,
1978,Big Ten,2,Michigan St.,,,,
1979,Big Ten,1,Ohio State,,,,
1980,Big Ten,1,Michigan,,,,
1981,Big Ten,1,Iowa,,,,
1981,Big Ten,2,Ohio State,,,,
1982,Big Ten,1,Michigan,,,,
1983,Big Ten,1,Illinois,,,,
1984,Big Ten,1,Ohio State,,,,
1985,Big Ten,1,Iowa,,,,
1986,Big Ten,1,Michigan,,,,
1986,Big Ten,2,Ohio State,,,,
1987,Big Ten,1,Michigan St.,,,,
1988,Big Ten,1,Michigan,,,,
1989,Big Ten,1,Michigan,,,,
1990,Big Ten,1,Iowa,,,,
1990,Big Ten,2,Michigan,,,,
1990,Big Ten,3,Michigan St.,,,,
1990,Big Ten,4,Illinois,,,,
1991,Big Ten,1,Michigan,,,,
1992,Big Ten,1,Michigan,,,,
1993,Big Ten,1,Ohio State,,,,
1993,Big Ten,2,Wisconsin,,,,
1994,Big Ten,1,Penn State,,,,
1995,Big Ten,1,Northwestern,,,,
1996,Big Ten,1,Ohio State,,,,
1996,Big Ten,2,Northwestern,,,,
1997,Big Ten,1,Michigan,,,,
1998,Big Ten,1,Ohio State,,,,
1998,Big Ten,2,Wisconsin,,,,
1998,Big Ten,3,Michigan,,,,
1999,Big Ten,1,Wisconsin,,,,
2000,Big Ten,1,Michigan,,,,
2000,Big Ten,2,Northwestern,,,,
2000,Big Ten,3,Purdue,,,,
2001,Big Ten,1,Illinois,,,,
2002,Big Ten,1,Iowa,,,,
2002,Big Ten,2,Ohio State,,,,
2003,Big Ten,1,Michigan,,,,
2004,Big Ten,1,Iowa,,,,
2004,Big Ten,2,Michigan,,,,
2005,Big Ten,1,Ohio State,,,,
2005,Big Ten,2,Penn State,,,,
2006,Big Ten,1,Ohio State,,,,
2007,Big Ten,1,Ohio State,,,,
2008,Big Ten,1,Penn State,,,,
2008,Big Ten,2,Ohio State,,,,
2009,Big Ten,1,Ohio State,,,,
2010,Big Ten,1,Wisconsin,,,,
2010,Big Ten,2,Ohio State,,,,
2010,Big Ten,3,Michigan St.,,,,
2011,Big Ten,1,Wisconsin,42,Michigan St.,39,Ohio State (8-0) ineligible
2012,Big Ten,1,Wisconsin,70,Nebraska,31,
2013,Big Ten,1,Michigan St.,34,Ohio State,24,
2014,Big Ten,1,Ohio State,59,Wisconsin,0,
2015,Big Ten,1,Michigan St.,16,Iowa,13,
2016,Big Ten,1,Penn State,31,Wisconsin,24,
2017,Big Ten,1,Ohio State,27,Wisconsin,21,
2018,Big Ten,1,Ohio State,45,Northwestern,24,
2019,Big Ten,1,Ohio State,34,Wisconsin,21,
2020,Big Ten,1,Ohio State,22,Northwestern,10,
2021,Big Ten,1,Michigan,42,Iowa,3,
2022,Big Ten,1,Michigan,43,Purdue,22,
2023,Big Ten,1,Michigan,26,Iowa,0,
2024,Big Ten,1,Oregon,45,Penn State,37,
1969,Big West,1,San Diego St.,,,,
1970,Big West,1,Long Beach St.,,,,
1970,Big West,2,San Diego St.,,,,
1971,Big West,1,Long Beach St.,,,,
1972,Big West,1,San Diego St.,,,,
1973,Big West,1,San Diego St.,,,,
1974,Big West,1,San Diego St.,,,,
1975,Big West,1,San Jose St.,,,,
1976,Big West,1,San Jose St.,,,,
1977,Big West,1,Fresno St.,,,,
1978,Big West,1,San Jose St.,,,,
1978,Big West,2,Utah State,,,,
1979,Big West,1,Utah State,,,,
1980,Big West,1,Long Beach St.,,,,
1981,Big West,1,San Jose St.,,,,
1982,Big West,1,Fresno St.,,,,
1983,Big West,1,CS Fullerton,,,,
1984,Big West,1,CS Fullerton,,,,UNLV forfeitted title
1985,Big West,1,Fresno St.,,,,
1986,Big West,1,San Jose St.,,,,
1987,Big West,1,San Jose St.,,,,
1988,Big West,1,Fresno St.,,,,
1989,Big West,1,Fresno St.,,,,
1990,Big West,1,San Jose St.,,,,
1991,Big West,1,Fresno St.,,,,
1991,Big West,2,San Jose St.,,,,
1992,Big West,1,Nevada,,,,
1993,Big West,1,Louisiana,,,,
1993,Big West,2,Utah State,,,,
1994,Big West,1,Nevada,,,,
1994,Big West,2,Louisiana,,,,
1994,Big West,3,UNLV,,,,
1995,Big West,1,Nevada,,,,
1996,Big West,1,Nevada,,,,
1996,Big West,2,Utah State,,,,
1997,Big West,1,Utah State,,,,
1997,Big West,2,Nevada,,,,
1998,Big West,1,Idaho,,,,
1999,Big West,1,Boise St.,,,,
2000,Big West,1,Boise St.,,,,
1931,Border,1,Arizona St.,,,,
1932,Border,1,Texas Tech,,,,Unofficial
1933,Border,1,Texas Tech,,,,Unofficial
1934,Border,1,Texas Tech,,,,Unofficial
1935,Border,1,Arizona,,,,
1936,Border,1,Arizona,,,,
1937,Border,1,Texas Tech,,,,
1938,Border,1,New Mexico St.,,,,Texas Tech (2-0) games did not count
1938,Border,2,New Mexico,,,,
1939,Border,1,Arizona St.,,,,
1940,Border,1,Arizona St.,,,,
1941,Border,1,Arizona,,,,
1942,Border,1,Hardin Simmons,,,,
1942,Border,2,Texas Tech,,,,
1943,Border,1,No champion,,,,
1944,Border,1,Texas Tech,,,,
1945,Border,1,Arizona,,,,
1946,Border,1,Hardin Simmons,,,,
1947,Border,1,Texas Tech,,,,
1996,CUSA,1,Houston,,,,
1996,CUSA,2,Southern Miss,,,,
1997,CUSA,1,Southern Miss,,,,
1998,CUSA,1,Tulane,,,,
1999,CUSA,1,Southern Miss,,,,
2000,CUSA,1,Louisville,,,,
2001,CUSA,1,Louisville,,,,
2002,CUSA,1,Cincinnati,,,,
2002,CUSA,2,TCU,,,,
2003,CUSA,1,Southern Miss,,,,
2004,CUSA,1,Louisville,,,,
2005,CUSA,1,Tulsa,44,UCF,27,
2006,CUSA,1,Houston,34,Southern Miss,20,
2007,CUSA,1,UCF,44,Tulsa,25,
2008,CUSA,1,East Carolina,27,Tulsa,24,
2009,CUSA,1,East Carolina,38,Houston,32,
2010,CUSA,1,UCF,17,SMU,7,
2011,CUSA,1,Southern Miss,49,Houston,28,
2012,CUSA,1,Tulsa,33,UCF,27,
2013,CUSA,1,Rice,41,Marshall,24,
2014,CUSA,1,Marshall,26,Louisiana Tech,23,
2015,CUSA,1,Western Ky.,45,Southern Miss,28,
2016,CUSA,1,Western Ky.,55,Louisiana Tech,44,
2017,CUSA,1,Fla. Atlantic,41,North Texas,17,
2018,CUSA,1,UAB,27,Middle Tenn.,25,
2019,CUSA,1,Fla. Atlantic,49,UAB,6,
2020,CUSA,1,UAB,22,Marshall,13,
2021,CUSA,1,UTSA,49,Western Ky.,41,
2022,CUSA,1,UTSA,48,North Texas,27,
2023,CUSA,1,Liberty,49,New Mexico St.,35,
2024,CUSA,1,Jacksonville St.,52,Western Ky.,12,
1956,Ivy,1,Yale,,,,
1957,Ivy,1,Princeton,,,,
1958,Ivy,1,Dartmouth,,,,
1959,Ivy,1,Pennsylvania,,,,
1960,Ivy,1,Yale,,,,
1961,Ivy,1,Columbia,,,,
1961,Ivy,2,Harvard,,,,
1962,Ivy,1,Dartmouth,,,,
1963,Ivy,1,Dartmouth,,,,
1963,Ivy,2,Princeton,,,,
1964,Ivy,1,Princeton,,,,
1965,Ivy,1,Dartmouth,,,,
1966,Ivy,1,Dartmouth,,,,
1966,Ivy,2,Harvard,,,,
1966,Ivy,3,Princeton,,,,
1967,Ivy,1,Yale,,,,
1968,Ivy,1,Harvard,,,,
1968,Ivy,2,Yale,,,,
1969,Ivy,1,Dartmouth,,,,
1969,Ivy,2,Yale,,,,
1969,Ivy,3,Princeton,,,,
1970,Ivy,1,Dartmouth,,,,
1971,Ivy,1,Dartmouth,,,,
1971,Ivy,2,Cornell,,,,
1972,Ivy,1,Dartmouth,,,,
1973,Ivy,1,Dartmouth,,,,
1974,Ivy,1,Harvard,,,,
1974,Ivy,2,Yale,,,,
1975,Ivy,1,Harvard,,,,
1976,Ivy,1,Brown,,,,
1976,Ivy,2,Yale,,,,
1977,Ivy,1,Yale,,,,
1978,Ivy,1,Dartmouth,,,,
1979,Ivy,1,Yale,,,,
1980,Ivy,1,Yale,,,,
1981,Ivy,1,Yale,,,,
1981,Ivy,2,Dartmouth,,,,
1947,MAC,1,Cincinnati,,,,
1948,MAC,1,Miami Ohio,,,,
1949,MAC,1,Cincinnati,,,,
1950,MAC,1,Miami Ohio,,,,
1951,MAC,1,Cincinnati,,,,
1952,MAC,1,Cincinnati,,,,
1953,MAC,1,Ohio,,,,
1954,MAC,1,Miami Ohio,,,,
1955,MAC,1,Miami Ohio,,,,
1956,MAC,1,Bowling Green,,,,
1957,MAC,1,Miami Ohio,,,,
1958,MAC,1,Miami Ohio,,,,
1959,MAC,1,Bowling Green,,,,
1960,MAC,1,Ohio,,,,
1961,MAC,1,Bowling Green,,,,
1962,MAC,1,Bowling Green,,,,
1963,MAC,1,Ohio,,,,
1964,MAC,1,Bowling Green,,,,
1965,MAC,1,Bowling Green,,,,
1965,MAC,2,Miami Ohio,,,,
1966,MAC,1,Western Mich.,,,,
1966,MAC,2,Miami Ohio,,,,
1967,MAC,1,Toledo,,,,
1967,MAC,2,Ohio,,,,
1968,MAC,1,Ohio,,,,
1969,MAC,1,Toledo,,,,
1970,MAC,1,Toledo,,,,
1971,MAC,1,Toledo,,,,
1972,MAC,1,Kent State,,,,
1973,MAC,1,Miami Ohio,,,,
1974,MAC,1,Miami Ohio,,,,
1975,MAC,1,Miami Ohio,,,,
1976,MAC,1,Ball State,,,,
1977,MAC,1,Miami Ohio,,,,
1978,MAC,1,Ball State,,,,
1979,MAC,1,Central Mich.,,,,
1980,MAC,1,Central Mich.,,,,
1981,MAC,1,Toledo,,,,
1982,MAC,1,Bowling Green,,,,
1983,MAC,1,Northern Ill.,,,,
1984,MAC,1,Toledo,,,,
1985,MAC,1,Bowling Green,,,,
1986,MAC,1,Miami Ohio,,,,
1987,MAC,1,Eastern Mich.,,,,
1988,MAC,1,Western Mich.,,,,
1989,MAC,1,Ball State,,,,
1990,MAC,1,Central Mich.,,,,
1991,MAC,1,Bowling Green,,,,
1992,MAC,1,Bowling Green,,,,
1993,MAC,1,Ball State,,,,
1994,MAC,1,Central Mich.,,,,
1995,MAC,1,Toledo,,,,
1996,MAC,1,Ball State,,,,
1997,MAC,1,Marshall,34,Toledo,14,
1998,MAC,1,Marshall,23,Toledo,17,
1999,MAC,1,Marshall,34,Western Mich.,30,
2000,MAC,1,Marshall,19,Western Mich.,14,
2001,MAC,1,Toledo,41,Marshall,36,
2002,MAC,1,Marshall,49,Toledo,45,
2003,MAC,1,Miami Ohio,49,Bowling Green,27,
2004,MAC,1,Toledo,35,Miami Ohio,27,
2005,MAC,1,Akron,31,Northern Ill.,30,
2006,MAC,1,Central Mich.,31,Ohio,10,
2007,MAC,1,Central Mich.,35,Miami Ohio,10,
2008,MAC,1,Buffalo,42,Ball State,24,
2009,MAC,1,Central Mich.,20,Ohio,10,
2010,MAC,1,Miami Ohio,26,Northern Ill.,21,
2011,MAC,1,Northern Ill.,23,Ohio,20,
2012,MAC,1,Northern Ill.,44,Kent State,37,
2013,MAC,1,Bowling Green,47,Northern Ill.,27,
2014,MAC,1,Northern Ill.,51,Bowling Green,17,
2015,MAC,1,Bowling Green,34,Northern Ill.,14,
2016,MAC,1,Western Mich.,29,Ohio,29,
2017,MAC,1,Toledo,45,Akron,28,
2018,MAC,1,Northern Ill.,30,Buffalo,29,
2019,MAC,1,Miami Ohio,26,Central Mich.,21,
2020,MAC,1,Ball State,38,Buffalo,28,
2021,MAC,1,Northern Ill.,41,Kent State,23,
2022,MAC,1,Toledo,17,Ohio,7,
2023,MAC,1,Miami Ohio,23,Toledo,14,
2024,MAC,1,Ohio,38,Miami Ohio,3,
1928,MVC,1,Drake,,,,
1929,MVC,1,Drake,,,,
1930,MVC,1,Drake,,,,
1930,MVC,2,Oklahoma St.,,,,
1931,MVC,1,Drake,,,,
1932,MVC,1,Oklahoma St.,,,,
1933,MVC,1,Drake,,,,
1933,MVC,2,Oklahoma St.,,,,
1934,MVC,1,Washington (MO),,,,
1935,MVC,1,Washington (MO),,,,
1935,MVC,2,Tulsa,,,,
1936,MVC,1,Creighton,,,,
1936,MVC,2,Tulsa,,,,
1937,MVC,1,Tulsa,,,,
1938,MVC,1,Tulsa,,,,
1939,MVC,1,Washington (MO),,,,
1940,MVC,1,Tulsa,,,,
1941,MVC,1,Tulsa,,,,
1942,MVC,1,Tulsa,,,,
1943,MVC,1,Tulsa,,,,
1944,MVC,1,Oklahoma St.,,,,
1945,MVC,1,Oklahoma St.,,,,
1946,MVC,1,Tulsa,,,,
1947,MVC,1,Tulsa,,,,
1948,MVC,1,Oklahoma St.,,,,
1949,MVC,1,Detroit,,,,
1950,MVC,1,Tulsa,,,,
1951,MVC,1,Tulsa,,,,
1952,MVC,1,Houston,,,,
1953,MVC,1,Oklahoma St.,,,,
1953,MVC,2,Detroit,,,,
1954,MVC,1,Wichita St.,,,,
1955,MVC,1,Wichita St.,,,,
1955,MVC,2,Detroit,,,,
1956,MVC,1,Houston,,,,
1957,MVC,1,Houston,,,,
1958,MVC,1,North Texas,,,,
1959,MVC,1,North Texas,,,,
1959,MVC,2,Houston,,,,
1960,MVC,1,Wichita St.,,,,
1961,MVC,1,Wichita St.,,,,
1962,MVC,1,Tulsa,,,,
1963,MVC,1,Cincinnati,,,,
1963,MVC,2,Wichita St.,,,,
1964,MVC,1,Cincinnati,,,,
1965,MVC,1,Tulsa,,,,
1966,MVC,1,North Texas,,,,
1966,MVC,2,Tulsa,,,,
1967,MVC,1,North Texas,,,,
1968,MVC,1,Memphis,,,,
1969,MVC,1,Memphis,,,,
1970,MVC,1,Louisville,,,,
1971,MVC,1,Memphis,,,,
1972,MVC,1,Louisville,,,,
1972,MVC,2,West Texas A&M,,,,
1972,MVC,3,Drake,,,,
1973,MVC,1,North Texas,,,,
1974,MVC,1,Tulsa,,,,
1975,MVC,1,Tulsa,,,,
1976,MVC,1,Tulsa,,,,
1976,MVC,2,New Mexico St.,,,,
1977,MVC,1,West Texas A&M,,,,
1978,MVC,1,New Mexico St.,,,,
1979,MVC,1,West Texas A&M,,,,
1980,MVC,1,Tulsa,,,,
1981,MVC,1,Drake,,,,
1981,MVC,2,Tulsa,,,,
1982,MVC,1,Tulsa,,,,
1983,MVC,1,Tulsa,,,,
1984,MVC,1,Tulsa,,,,
1985,MVC,1,Tulsa,,,,
1999,MWC,1,BYU,,,,
1999,MWC,2,Colorado St.,,,,
1999,MWC,3,Utah,,,,
2000,MWC,1,Colorado St.,,,,
2001,MWC,1,BYU,,,,
2002,MWC,1,Colorado St.,,,,
2003,MWC,1,Utah,,,,
2004,MWC,1,Utah,,,,
2005,MWC,1,TCU,,,,
2006,MWC,1,BYU,,,,
2007,MWC,1,BYU,,,,
2008,MWC,1,Utah,,,,
2009,MWC,1,TCU,,,,
2010,MWC,1,TCU,,,,
2011,MWC,1,TCU,,,,
2012,MWC,1,Boise St.,,,,
2012,MWC,2,Fresno St.,,,,
2012,MWC,3,San Diego St.,,,,
2013,MWC,1,Fresno St.,24,Utah State,17,
2014,MWC,1,Boise St.,28,Fresno St.,14,
2015,MWC,1,San Diego St.,27,Air Force,24,
2016,MWC,1,San Diego St.,27,Wyoming,24,
2017,MWC,1,Boise St.,17,Fresno St.,14,
2018,MWC,1,Fresno St.,19,Boise St.,16,
2019,MWC,1,Boise St.,31,Hawaii,10,
2020,MWC,1,San Jose St.,34,Boise St.,20,
2021,MWC,1,Utah State,46,San Diego St.,13,
2022,MWC,1,Fresno St.,28,Boise St.,16,
2023,MWC,1,Boise St.,44,UNLV,20,
2024,MWC,1,Boise St.,21,UNLV,7,
1916,Pac 12,1,Washington,,,,
1917,Pac 12,1,Washington,,,,
1918,Pac 12,1,California,,,,
1919,Pac 12,1,Oregon,,,,
1919,Pac 12,2,Washington,,,,
1920,Pac 12,1,California,,,,
1921,Pac 12,1,California,,,,
1922,Pac 12,1,California,,,,
1923,Pac 12,1,California,,,,
1924,Pac 12,1,Stanford,,,,
1925,Pac 12,1,Washington,,,,
1926,Pac 12,1,Stanford,,,,
1927,Pac 12,1,USC,,,,
1927,Pac 12,2,Stanford,,,,
1928,Pac 12,1,USC,,,,
1929,Pac 12,1,USC,,,,
1930,Pac 12,1,Washington St.,,,,
1931,Pac 12,1,USC,,,,
1932,Pac 12,1,USC,,,,
1933,Pac 12,1,Oregon,,,,
1933,Pac 12,2,Stanford,,,,
1934,Pac 12,1,Stanford,,,,
1935,Pac 12,1,California,,,,
1935,Pac 12,2,Stanford,,,,
1935,Pac 12,3,UCLA,,,,
1936,Pac 12,1,Washington,,,,
1937,Pac 12,1,California,,,,
1938,Pac 12,1,USC,,,,
1938,Pac 12,2,California,,,,
1939,Pac 12,1,UCLA,,,,
1939,Pac 12,2,USC,,,,
1940,Pac 12,1,Stanford,,,,
1941,Pac 12,1,Oregon St.,,,,
1942,Pac 12,1,UCLA,,,,
1943,Pac 12,1,USC,,,,
1944,Pac 12,1,USC,,,,
1945,Pac 12,1,USC,,,,
1946,Pac 12,1,UCLA,,,,
1947,Pac 12,1,USC,,,,
1948,Pac 12,1,California,,,,
1948,Pac 12,2,Oregon,,,,
1949,Pac 12,1,California,,,,
1950,Pac 12,1,California,,,,
1951,Pac 12,1,Stanford,,,,
1952,Pac 12,1,USC,,,,
1953,Pac 12,1,UCLA,,,,
1954,Pac 12,1,UCLA,,,,
1955,Pac 12,1,UCLA,,,,
1956,Pac 12,1,Oregon St.,,,,
1957,Pac 12,1,Oregon,,,,
1957,Pac 12,2,Oregon St.,,,,
1958,Pac 12,1,California,,,,
1959,Pac 12,1,Washington,,,,
1959,Pac 12,2,USC,,,,
1959,Pac 12,3,UCLA,,,,
1960,Pac 12,1,Washington,,,,
1961,Pac 12,1,UCLA,,,,
1962,Pac 12,1,USC,,,,
1963,Pac 12,1,Washington,,,,
1964,Pac 12,1,Oregon St.,,,,
1964,Pac 12,2,USC,,,,
1965,Pac 12,1,UCLA,,,,
1966,Pac 12,1,USC,,,,
1967,Pac 12,1,USC,,,,
1968,Pac 12,1,USC,,,,
1969,Pac 12,1,USC,,,,
1970,Pac 12,1,Stanford,,,,
1971,Pac 12,1,Stanford,,,,
1972,Pac 12,1,USC,,,,
1973,Pac 12,1,USC,,,,
1974,Pac 12,1,USC,,,,
1975,Pac 12,1,UCLA,,,,
1975,Pac 12,2,California,,,,
1976,Pac 12,1,USC,,,,
1977,Pac 12,1,Washington,,,,
1978,Pac 12,1,USC,,,,
1979,Pac 12,1,USC,,,,
1980,Pac 12,1,Washington,,,,
1981,Pac 12,1,Washington,,,,
1982,Pac 12,1,UCLA,,,,
1983,Pac 12,1,UCLA,,,,
1984,Pac 12,1,USC,,,,
1985,Pac 12,1,UCLA,,,,
1986,Pac 12,1,Arizona St.,,,,
1987,Pac 12,1,USC,,,,
1987,Pac 12,2,UCLA,,,,
1988,Pac 12,1,USC,,,,
1989,Pac 12,1,USC,,,,
1990,Pac 12,1,Washington,,,,
1991,Pac 12,1,Washington,,,,
1992,Pac 12,1,Stanford,,,,
1992,Pac 12,2,Washington,,,,
1993,Pac 12,1,UCLA,,,,
1993,Pac 12,2,Arizona,,,,
1993,Pac 12,3,USC,,,,
1994,Pac 12,1,Oregon,,,,
1995,Pac 12,1,USC,,,,
1995,Pac 12,2,Washington,,,,
1996,Pac 12,1,Arizona St.,,,,
1997,Pac 12,1,Washington St.,,,,
1997,Pac 12,2,UCLA,,,,
1998,Pac 12,1,UCLA,,,,
1999,Pac 12,1,Stanford,,,,
2000,Pac 12,1,Oregon,,,,
2000,Pac 12,2,Oregon St.,,,,
2000,Pac 12,3,Washington,,,,
2001,Pac 12,1,Oregon,,,,
2002,Pac 12,1,USC,,,,
2002,Pac 12,2,Washington St.,,,,
2003,Pac 12,1,USC,,,,
2004,Pac 12,1,USC,,,,
2005,Pac 12,1,USC,,,,
2006,Pac 12,1,California,,,,
2006,Pac 12,2,USC,,,,
2007,Pac 12,1,USC,,,,
2007,Pac 12,2,Arizona St.,,,,
2008,Pac 12,1,USC,,,,
2009,Pac 12,1,Oregon,,,,
2010,Pac 12,1,Oregon,,,,
2011,Pac 12,1,Oregon,49,UCLA,31,
2012,Pac 12,1,Stanford,27,UCLA,24,
2013,Pac 12,1,Stanford,38,Arizona St.,14,
2014,Pac 12,1,Oregon,51,Arizona,13,
2015,Pac 12,1,Stanford,41,USC,22,
2016,Pac 12,1,Washington,41,Colorado,10,
2017,Pac 12,1,USC,31,Stanford,28,
2018,Pac 12,1,Washington,10,Utah,39,
2019,Pac 12,1,Oregon,37,Utah,15,
2020,Pac 12,1,Oregon,31,USC,24,Washington (3-1) unable to participate
2021,Pac 12,1,Utah,38,Oregon,10,
2022,Pac 12,1,Utah,47,USC,24,
2023,Pac 12,1,Washington,34,Oregon,31,
1933,SEC,1,Alabama,,,,
1934,SEC,1,Tulane,,,,
1934,SEC,2,Alabama,,,,
1935,SEC,1,LSU,,,,
1936,SEC,1,LSU,,,,
1937,SEC,1,Alabama,,,,
1938,SEC,1,Tennessee,,,,
1939,SEC,1,Tennessee,,,,
1939,SEC,2,Georgia Tech,,,,
1939,SEC,3,Tulane,,,,
1940,SEC,1,Tennessee,,,,
1941,SEC,1,Miss State,,,,
1942,SEC,1,Georgia,,,,
1943,SEC,1,Georgia Tech,,,,
1944,SEC,1,Georgia Tech,,,,
1945,SEC,1,Alabama,,,,
1946,SEC,1,Georgia,,,,
1946,SEC,2,Tennessee,,,,
1947,SEC,1,Mississippi,,,,
1948,SEC,1,Georgia,,,,
1949,SEC,1,Tulane,,,,
1950,SEC,1,Kentucky,,,,
1951,SEC,1,Georgia Tech,,,,
1951,SEC,2,Tennessee,,,,
1952,SEC,1,Georgia,,,,
1953,SEC,1,Alabama,,,,
1954,SEC,1,Mississippi,,,,
1955,SEC,1,Mississippi,,,,
1956,SEC,1,Tennessee,,,,
1957,SEC,1,Auburn,,,,
1958,SEC,1,LSU,,,,
1959,SEC,1,Georgia,,,,
1960,SEC,1,Mississippi,,,,
1961,SEC,1,Alabama,,,,
1961,SEC,2,LSU,,,,
1962,SEC,1,Mississippi,,,,
1963,SEC,1,Mississippi,,,,
1964,SEC,1,Alabama,,,,
1965,SEC,1,Alabama,,,,
1966,SEC,1,Alabama,,,,
1966,SEC,2,Georgia,,,,
1967,SEC,1,Tennessee,,,,
1968,SEC,1,Georgia,,,,
1969,SEC,1,Tennessee,,,,
1970,SEC,1,LSU,,,,
1971,SEC,1,Alabama,,,,
1972,SEC,1,Alabama,,,,
1973,SEC,1,Alabama,,,,
1974,SEC,1,Alabama,,,,
1975,SEC,1,Alabama,,,,
1976,SEC,1,Georgia,,,,
1976,SEC,2,Kentucky,,,,
1977,SEC,1,Kentucky,,,,
1977,SEC,2,Alabama,,,,
1978,SEC,1,Alabama,,,,
1979,SEC,1,Alabama,,,,
1980,SEC,1,Georgia,,,,
1981,SEC,1,Georgia,,,,
1981,SEC,2,Alabama,,,,
1982,SEC,1,Georgia,,,,
1983,SEC,1,Auburn,,,,
1984,SEC,1,Florida,,,,
1985,SEC,1,Tennessee,,,,Florida (5-1) ineligible
1986,SEC,1,LSU,,,,
1987,SEC,1,Auburn,,,,
1988,SEC,1,Auburn,,,,
1988,SEC,2,LSU,,,,
1989,SEC,1,Alabama,,,,
1989,SEC,2,Tennessee,,,,
1989,SEC,3,Auburn,,,,
1990,SEC,1,Tennessee,,,,Florida (6-1) ineligible
1991,SEC,1,Florida,,,,
1992,SEC,1,Alabama,28,Florida,21,
1993,SEC,1,Florida,28,Alabama,13,Auburn (8-0) ineligible
1994,SEC,1,Florida,24,Alabama,23,
1995,SEC,1,Florida,34,Arkansas,3,
1996,SEC,1,Florida,45,Alabama,30,
1997,SEC,1,Tennessee,30,Auburn,29,
1998,SEC,1,Tennessee,24,Miss State,14,
1999,SEC,1,Alabama,34,Florida,7,
2000,SEC,1,Florida,28,Auburn,6,
2001,SEC,1,LSU,31,Tennessee,20,
2002,SEC,1,Georgia,30,Arkansas,3,
2003,SEC,1,LSU,34,Georgia,13,
2004,SEC,1,Auburn,38,Tennessee,28,
2005,SEC,1,Georgia,34,LSU,14,
2006,SEC,1,Florida,38,Arkansas,28,
2007,SEC,1,LSU,21,Tennessee,14,
2008,SEC,1,Florida,31,Alabama,20,
2009,SEC,1,Alabama,32,Florida,13,
2010,SEC,1,Auburn,56,South Carolina,17,
2011,SEC,1,LSU,42,Georgia,10,
2012,SEC,1,Alabama,32,Georgia,28,
2013,SEC,1,Auburn,59,Missouri,42,
2014,SEC,1,Alabama,42,Missouri,13,
2015,SEC,1,Alabama,29,Florida,15,
2016,SEC,1,Alabama,54,Florida,16,
2017,SEC,1,Alabama,26,Georgia,23,
2018,SEC,1,Alabama,35,Georgia,28,
2019,SEC,1,LSU,37,Georgia,10,
2020,SEC,1,Alabama,52,Florida,46,
2021,SEC,1,Alabama,41,Georgia,24,
2022,SEC,1,Georgia,50,LSU,30,
2023,SEC,1,Alabama,27,Georgia,24,
2024,SEC,1,Georgia,22,Texas,19,
1900,Skyline,1,Colorado Col.,,,,
1901,Skyline,1,Colorado,,,,
1902,Skyline,1,Colorado,,,,
1903,Skyline,1,Colorado,,,,
1904,Skyline,1,Colo. Mines,,,,
1905,Skyline,1,Colo. Mines,,,,
1906,Skyline,1,Colo. Mines,,,,
1907,Skyline,1,Colo. Mines,,,,
1908,Skyline,1,Denver,,,,
1909,Skyline,1,Denver,,,,
1910,Skyline,1,Colorado,,,,
1911,Skyline,1,Colorado,,,,
1912,Skyline,1,Colo. Mines,,,,
1913,Skyline,1,Colorado,,,,
1914,Skyline,1,Colo. Mines,,,,
1915,Skyline,1,Colorado St.,,,,
1916,Skyline,1,Colorado St.,,,,
1917,Skyline,1,Denver,,,,
1918,Skyline,1,Colo. Mines,,,,
1919,Skyline,1,Colorado St.,,,,
1920,Skyline,1,Colorado St.,,,,
1921,Skyline,1,Utah State,,,,
1922,Skyline,1,Utah,,,,
1923,Skyline,1,Colorado,,,,
1924,Skyline,1,Colorado,,,,
1925,Skyline,1,Colorado St.,,,,
1926,Skyline,1,Utah,,,,
1927,Skyline,1,Colorado St.,,,,
1928,Skyline,1,Utah,,,,
1929,Skyline,1,Utah,,,,
1930,Skyline,1,Utah,,,,
1931,Skyline,1,Utah,,,,
1932,Skyline,1,Utah,,,,
1933,Skyline,1,Utah,,,,
1933,Skyline,2,Denver,,,,
1933,Skyline,3,Colorado St.,,,,
1934,Skyline,1,Colorado,,,,
1934,Skyline,2,Northern Colo.,,,,
1934,Skyline,3,Colorado St.,,,,
1935,Skyline,1,Colorado,,,,
1935,Skyline,2,Utah State,,,,
1936,Skyline,1,Utah State,,,,
1937,Skyline,1,Colorado,,,,
1938,Skyline,1,Utah,,,,
1939,Skyline,1,Colorado,,,,
1940,Skyline,1,Utah,,,,
1941,Skyline,1,Utah,,,,
1942,Skyline,1,Colorado,,,,
1942,Skyline,2,Utah,,,,
1943,Skyline,1,Colorado,,,,
1944,Skyline,1,Colorado,,,,
1945,Skyline,1,Denver,,,,
1946,Skyline,1,Utah State,,,,
1946,Skyline,2,Denver,,,,
1947,Skyline,1,Utah,,,,
1948,Skyline,1,Utah,,,,
1949,Skyline,1,Wyoming,,,,
1950,Skyline,1,Wyoming,,,,
1951,Skyline,1,Utah,,,,
1952,Skyline,1,Utah,,,,
1953,Skyline,1,Utah,,,,
1954,Skyline,1,Denver,,,,
1955,Skyline,1,Colorado St.,,,,
1956,Skyline,1,Wyoming,,,,
1957,Skyline,1,Utah,,,,
1958,Skyline,1,Wyoming,,,,
1959,Skyline,1,Wyoming,,,,
1960,Skyline,1,Wyoming,,,,
1960,Skyline,2,Utah State,,,,
1961,Skyline,1,Utah State,,,,
1961,Skyline,2,Wyoming,,,,
1922,Southern,1,Georgia Tech,,,,
1923,Southern,1,Vanderbilt,,,,
1924,Southern,1,Alabama,,,,
1925,Southern,1,Alabama,,,,
1926,Southern,1,Alabama,,,,
1927,Southern,1,Georgia Tech,,,,
1928,Southern,1,Georgia Tech,,,,
1929,Southern,1,Tulane,,,,
1930,Southern,1,Alabama,,,,
1930,Southern,2,Tulane,,,,
1931,Southern,1,Tulane,,,,
1932,Southern,1,Auburn,,,,
1932,Southern,2,Tennessee,,,,
1933,Southern,1,Duke,,,,
1934,Southern,1,Wash. & Lee,,,,
1935,Southern,1,Duke,,,,
1936,Southern,1,Duke,,,,
1937,Southern,1,Maryland,,,,
1938,Southern,1,Duke,,,,
1939,Southern,1,Clemson,,,,
1940,Southern,1,Clemson,,,,
1941,Southern,1,Duke,,,,
1942,Southern,1,William & Mary,,,,
1943,Southern,1,Duke,,,,
1944,Southern,1,Duke,,,,
1945,Southern,1,Duke,,,,
1946,Southern,1,North Carolina,,,,
1947,Southern,1,William & Mary,,,,
1948,Southern,1,Clemson,,,,
1949,Southern,1,North Carolina,,,,
1950,Southern,1,Wash. & Lee,,,,
1951,Southern,1,Maryland,,,,
1951,Southern,2,VMI,,,,
1952,Southern,1,Duke,,,,
1953,Southern,1,West Virginia,,,,
1954,Southern,1,West Virginia,,,,
1955,Southern,1,West Virginia,,,,
1956,Southern,1,West Virginia,,,,
1957,Southern,1,VMI,,,,
1958,Southern,1,West Virginia,,,,
1959,Southern,1,VMI,,,,
1960,Southern,1,VMI,,,,
1961,Southern,1,Citadel,,,,
1962,Southern,1,VMI,,,,
1963,Southern,1,Virginia Tech,,,,
1964,Southern,1,West Virginia,,,,
1965,Southern,1,West Virginia,,,,
1966,Southern,1,East Carolina,,,,
1966,Southern,2,William & Mary,,,,
1967,Southern,1,West Virginia,,,,
1968,Southern,1,Richmond,,,,
1969,Southern,1,Davidson,,,,
1969,Southern,2,Richmond,,,,
1970,Southern,1,William & Mary,,,,
1971,Southern,1,Richmond,,,,
1972,Southern,1,East Carolina,,,,
1973,Southern,1,East Carolina,,,,
1974,Southern,1,VMI,,,,
1975,Southern,1,Richmond,,,,
1976,Southern,1,East Carolina,,,,
1977,Southern,1,Chattanooga,,,,
1977,Southern,2,VMI,,,,
1978,Southern,1,Furman,,,,
1978,Southern,2,Chattanooga,,,,
1979,Southern,1,Chattanooga,,,,
1980,Southern,1,Furman,,,,
1981,Southern,1,Furman,,,,
1964,Southland,1,Lamar,,,,
1965,Southland,1,Lamar,,,,
1966,Southland,1,UT Arlington,,,,
1967,Southland,1,UT Arlington,,,,
1968,Southland,1,Arkansas St.,,,,
1969,Southland,1,Arkansas St.,,,,
1970,Southland,1,Arkansas St.,,,,
1971,Southland,1,Louisiana Tech,,,,
1972,Southland,1,Louisiana Tech,,,,
1973,Southland,1,Louisiana Tech,,,,
1974,Southland,1,Louisiana Tech,,,,
1975,Southland,1,Arkansas St.,,,,
1976,Southland,1,McNeese,,,,
1976,Southland,2,Louisiana,,,,
1977,Southland,1,Louisiana Tech,,,,
1978,Southland,1,Louisiana Tech,,,,
1979,Southland,1,McNeese,,,,
1980,Southland,1,McNeese,,,,
1981,Southland,1,UT Arlington,,,,
2001,Sun Belt,1,North Texas,,,,
2001,Sun Belt,2,Middle Tenn.,,,,
2002,Sun Belt,1,North Texas,,,,
2003,Sun Belt,1,North Texas,,,,
2004,Sun Belt,1,North Texas,,,,
2005,Sun Belt,1,Arkansas St.,,,,
2005,Sun Belt,2,UL Monroe,,,,
2005,Sun Belt,3,Louisiana,,,,
2006,Sun Belt,1,Middle Tenn.,,,,
2006,Sun Belt,2,Troy,,,,
2007,Sun Belt,1,Troy,,,,
2007,Sun Belt,2,Fla. Atlantic,,,,
2008,Sun Belt,1,Troy,,,,
2009,Sun Belt,1,Troy,,,,
2010,Sun Belt,1,Troy,,,,
2010,Sun Belt,2,FIU,,,,
2011,Sun Belt,1,Arkansas St.,,,,
2012,Sun Belt,1,Arkansas St.,,,,
2013,Sun Belt,1,Arkansas St.,,,,
2013,Sun Belt,2,Louisiana,,,,
2014,Sun Belt,1,Ga. Southern,,,,
2015,Sun Belt,1,Arkansas St.,,,,
2016,Sun Belt,1,Appalachian St.,,,,
2016,Sun Belt,2,Arkansas St.,,,,
2017,Sun Belt,1,Troy,,,,
2017,Sun Belt,2,Appalachian St.,,,,
2018,Sun Belt,1,Appalachian St.,30,Louisiana,19,
2019,Sun Belt,1,Appalachian St.,45,Louisiana,38,
2020,Sun Belt,1,Cancelled,,,,Coastal Carolina vs Louisiana
2021,Sun Belt,1,Louisiana,24,Appalachain St.,16,
2022,Sun Belt,1,Troy,45,Coastal Carolina,26,
2023,Sun Belt,1,Troy,49,Appalachain St.,23,
2024,Sun Belt,1,Marshall,31,Louisiana,3,
1914,SWC,1,No champion,,,,
1915,SWC,1,Oklahoma,,,,Baylor (3-0) forfeited title
1916,SWC,1,No champion,,,,
1917,SWC,1,Texas A&M,,,,
1918,SWC,1,No champion,,,,
1919,SWC,1,Texas A&M,,,,
1920,SWC,1,Texas,,,,
1921,SWC,1,Texas A&M,,,,
1922,SWC,1,Baylor,,,,
1923,SWC,1,SMU,,,,
1924,SWC,1,Baylor,,,,
1925,SWC,1,Texas A&M,,,,
1926,SWC,1,SMU,,,,
1927,SWC,1,Texas A&M,,,,
1928,SWC,1,Texas,,,,
1929,SWC,1,TCU,,,,
1930,SWC,1,Texas,,,,
1931,SWC,1,SMU,,,,
1932,SWC,1,TCU,,,,
1933,SWC,1,No champion,,,,Arkansas (4-1) forfeited title
1934,SWC,1,Rice,,,,
1935,SWC,1,SMU,,,,
1936,SWC,1,Arkansas,,,,
1937,SWC,1,Rice,,,,
1938,SWC,1,TCU,,,,
1939,SWC,1,Texas A&M,,,,
1940,SWC,1,Texas A&M,,,,
1941,SWC,1,Texas A&M,,,,
1942,SWC,1,Texas,,,,
1943,SWC,1,Texas,,,,
1944,SWC,1,TCU,,,,
1945,SWC,1,Texas,,,,
1946,SWC,1,Rice,,,,
1946,SWC,2,Arkansas,,,,
1947,SWC,1,SMU,,,,
1948,SWC,1,SMU,,,,
1949,SWC,1,Rice,,,,
1950,SWC,1,Texas,,,,
1951,SWC,1,TCU,,,,
1952,SWC,1,Texas,,,,
1953,SWC,1,Rice,,,,
1953,SWC,2,Texas,,,,
1954,SWC,1,Arkansas,,,,
1955,SWC,1,TCU,,,,
1956,SWC,1,Texas A&M,,,,
1957,SWC,1,Rice,,,,
1958,SWC,1,TCU,,,,
1959,SWC,1,Texas,,,,
1959,SWC,2,TCU,,,,
1959,SWC,3,Arkansas,,,,
1960,SWC,1,Arkansas,,,,
1961,SWC,1,Texas,,,,
1961,SWC,2,Arkansas,,,,
1962,SWC,1,Texas,,,,
1963,SWC,1,Texas,,,,
1964,SWC,1,Arkansas,,,,
1965,SWC,1,Arkansas,,,,
1966,SWC,1,SMU,,,,
1967,SWC,1,Texas A&M,,,,
1968,SWC,1,Texas,,,,
1968,SWC,2,Arkansas,,,,
1969,SWC,1,Texas,,,,
1970,SWC,1,Texas,,,,
1971,SWC,1,Texas,,,,
1972,SWC,1,Texas,,,,
1973,SWC,1,Texas,,,,
1974,SWC,1,Baylor,,,,
1975,SWC,1,Arkansas,,,,
1975,SWC,2,Texas A&M,,,,
1975,SWC,3,Texas,,,,
1976,SWC,1,Texas Tech,,,,
1976,SWC,2,Houston,,,,
1977,SWC,1,Texas,,,,
1978,SWC,1,Houston,,,,
1979,SWC,1,Houston,,,,
1979,SWC,2,Arkansas,,,,
1980,SWC,1,Baylor,,,,
1981,SWC,1,SMU,,,,
1982,SWC,1,SMU,,,,
1983,SWC,1,Texas,,,,
1984,SWC,1,SMU,,,,
1984,SWC,2,Houston,,,,
1985,SWC,1,Texas A&M,,,,
1986,SWC,1,Texas A&M,,,,
1987,SWC,1,Texas A&M,,,,
1988,SWC,1,Arkansas,,,,
1989,SWC,1,Arkansas,,,,
1990,SWC,1,Texas,,,,
1991,SWC,1,Texas A&M,,,,
1992,SWC,1,Texas A&M,,,,
1993,SWC,1,Texas A&M,,,,
1994,SWC,1,Baylor,,,,Texas A&M (6-0-1) on probation
1994,SWC,2,Rice,,,,
1994,SWC,3,Texas,,,,
1994,SWC,4,TCU,,,,
1994,SWC,5,Texas Tech,,,,
1995,SWC,1,Texas,,,,
1962,WAC,1,New Mexico,,,,
1963,WAC,1,New Mexico,,,,
1964,WAC,1,Arizona,,,,
1964,WAC,2,Utah,,,,
1964,WAC,3,New Mexico,,,,
1965,WAC,1,BYU,,,,
1966,WAC,1,Wyoming,,,,
1967,WAC,1,Wyoming,,,,
1968,WAC,1,Wyoming,,,,
1969,WAC,1,Arizona St.,,,,
1970,WAC,1,Arizona St.,,,,
1971,WAC,1,Arizona St.,,,,
1972,WAC,1,Arizona St.,,,,
1973,WAC,1,Arizona,,,,
1973,WAC,2,Arizona St.,,,,
1974,WAC,1,BYU,,,,
1975,WAC,1,Arizona St.,,,,
1976,WAC,1,BYU,,,,
1976,WAC,2,Wyoming,,,,
1977,WAC,1,BYU,,,,
1977,WAC,2,Arizona St.,,,,
1978,WAC,1,BYU,,,,
1979,WAC,1,BYU,,,,
1980,WAC,1,BYU,,,,
1981,WAC,1,BYU,,,,
1982,WAC,1,BYU,,,,
1983,WAC,1,BYU,,,,
1984,WAC,1,BYU,,,,
1985,WAC,1,Air Force,,,,
1985,WAC,2,BYU,,,,
1986,WAC,1,San Diego St.,,,,
1987,WAC,1,Wyoming,,,,
1988,WAC,1,Wyoming,,,,
1989,WAC,1,BYU,,,,
1990,WAC,1,BYU,,,,
1991,WAC,1,BYU,,,,
1992,WAC,1,Hawaii,,,,
1992,WAC,2,Fresno St.,,,,
1992,WAC,3,BYU,,,,
1993,WAC,1,Fresno St.,,,,
1993,WAC,2,BYU,,,,
1993,WAC,3,Wyoming,,,,
1994,WAC,1,Colorado St.,,,,
1995,WAC,1,Colorado St.,,,,
1995,WAC,2,Air Force,,,,
1995,WAC,3,Utah,,,,
1995,WAC,4,BYU,,,,
1996,WAC,1,BYU,28,Wyoming,25,
1997,WAC,1,Colorado St.,41,New Mexico,13,
1998,WAC,1,Air Force,20,BYU,13,
1999,WAC,1,Fresno St.,,,,
1999,WAC,2,Hawaii,,,,
1999,WAC,3,TCU,,,,
2000,WAC,1,TCU,,,,
2000,WAC,2,UTEP,,,,
2001,WAC,1,Louisiana Tech,,,,
2002,WAC,1,Boise St.,,,,
2003,WAC,1,Boise St.,,,,
2004,WAC,1,Boise St.,,,,
2005,WAC,1,Boise St.,,,,
2005,WAC,2,Nevada,,,,
2006,WAC,1,Boise St.,,,,
2007,WAC,1,Hawaii,,,,
2008,WAC,1,Boise St.,,,,
2009,WAC,1,Boise St.,,,,
2010,WAC,1,Boise St.,,,,
2010,WAC,2,Nevada,,,,
2010,WAC,3,Hawaii,,,,
2011,WAC,1,Louisiana Tech,,,,
2012,WAC,1,Utah State,,,,
2025,American,1,Tulane,34,North Texas,21,
2025,ACC,1,Duke,27,Virginia,20,OT
2025,Big Ten,1,Indiana,13,Ohio State,10,
2025,Big 12,1,Texas Tech,34,BYU,7,
2025,CUSA,1,Kennesaw St.,19,Jacksonville St.,15,
2025,MAC,1,Western Mich.,23,Miami Ohio,13,
2025,MWC,1,Boise St.,38,UNLV,21,
2025,Sun Belt,1,James Madison,31,Troy,14,
2025,SEC,1,Georgia,28,Alabama,7,
