YEAR,SEQ,STAGE,GROUP,WINNER,WSc,LOSER,LSc,OT
1930,96,Group Stage,Grp1,France,4,Mexico,1,
1930,95,Group Stage,Grp1,Argentina,1,France,0,
1930,94,Group Stage,Grp1,Chile,3,Mexico,0,
1930,93,Group Stage,Grp1,Argentina,6,Mexico,3,
1930,92,Group Stage,Grp1,Chile,1,France,0,
1930,91,Group Stage,Grp1,Argentina,3,Chile,1,
1930,93,Group Stage,Grp2,Yugoslavia,2,Brazil,1,
1930,92,Group Stage,Grp2,Yugoslavia,4,Bolivia,0,
1930,91,Group Stage,Grp2,Brazil,4,Bolivia,0,
1930,93,Group Stage,Grp3,Romania,2,Peru,1,
1930,92,Group Stage,Grp3,Uruguay,1,Peru,0,
1930,91,Group Stage,Grp3,Uruguay,4,Romania,0,
1930,93,Group Stage,Grp4,United States,3,Belgium,0,
1930,92,Group Stage,Grp4,United States,3,Paraguay,0,
1930,91,Group Stage,Grp4,Paraguay,1,Belgium,0,
1930,2,Final,Wfin,Uruguay,4,Argentina,2,
1930,4,Semifinals,Wsmi,Argentina,6,United States,1,
1930,4,Semifinals,Wsmi,Uruguay,6,Yugoslavia,1,
1934,3,Third Place,W3rd,Germany,3,Austria,2,
1934,2,Final,Wfin,Italy,2,Czechoslovakia,1,AET
1934,16,Round of 16,Wpre,Sweden,3,Argentina,2,
1934,16,Round of 16,Wpre,Germany,5,Belgium,2,
1934,16,Round of 16,Wpre,Spain,3,Brazil,1,
1934,16,Round of 16,Wpre,Hungary,4,Egypt,2,
1934,16,Round of 16,Wpre,Austria,3,France,2,AET
1934,16,Round of 16,Wpre,Switzerland,3,Netherlands,2,
1934,16,Round of 16,Wpre,Czechoslovakia,2,Romania,1,
1934,16,Round of 16,Wpre,Italy,7,United States,1,
1934,8,Quarterfinals,Wqua,Austria,2,Hungary,1,
1934,8,Quarterfinals,Wqua,Italy,1,Spain,1,AET
1934,8,Quarterfinals,Wqua,Italy,1,Spain,0,Replay
1934,8,Quarterfinals,Wqua,Germany,2,Sweden,1,
1934,8,Quarterfinals,Wqua,Czechoslovakia,3,Switzerland,2,
1934,4,Semifinals,Wsmi,Italy,1,Austria,0,
1934,4,Semifinals,Wsmi,Czechoslovakia,3,Germany,1,
1938,3,Third Place,W3rd,Brazil,4,Sweden,2,
1938,2,Final,Wfin,Italy,2,Hungary,1,
1938,16,Round of 16,Wpre,France,3,Belgium,1,
1938,16,Round of 16,Wpre,Hungary,6,Dutch East Indies,0,
1938,16,Round of 16,Wpre,Switzerland,1,Germany,1,AET
1938,16,Round of 16,Wpre,Switzerland,4,Germany,2,Replay
1938,16,Round of 16,Wpre,Czechoslovakia,3,Netherlands,0,AET
1938,16,Round of 16,Wpre,Italy,2,Norway,1,AET
1938,16,Round of 16,Wpre,Brazil,6,Poland,5,AET
1938,16,Round of 16,Wpre,Cuba,3,Romania,3,AET
1938,16,Round of 16,Wpre,Cuba,2,Romania,1,Replay
1938,8,Quarterfinals,Wqua,Sweden,8,Cuba,0,
1938,8,Quarterfinals,Wqua,Brazil,1,Czechoslovakia,1,AET
1938,8,Quarterfinals,Wqua,Brazil,2,Czechoslovakia,1,Replay
1938,8,Quarterfinals,Wqua,Italy,3,France,1,
1938,8,Quarterfinals,Wqua,Hungary,2,Switzerland,0,
1938,4,Semifinals,Wsmi,Italy,2,Brazil,1,
1938,4,Semifinals,Wsmi,Hungary,5,Sweden,1,
1950,96,Group Stage,Grp1,Brazil,4,Mexico,0,
1950,95,Group Stage,Grp1,Yugoslavia,3,Switzerland,0,
1950,94,Group Stage,Grp1,Brazil,2,Switzerland,2,tie
1950,93,Group Stage,Grp1,Yugoslavia,4,Mexico,1,
1950,92,Group Stage,Grp1,Brazil,2,Yugoslavia,0,
1950,91,Group Stage,Grp1,Switzerland,2,Mexico,1,
1950,96,Group Stage,Grp2,Spain,3,United States,1,
1950,95,Group Stage,Grp2,England,2,Chile,0,
1950,94,Group Stage,Grp2,United States,1,England,0,
1950,93,Group Stage,Grp2,Spain,2,Chile,0,
1950,92,Group Stage,Grp2,Spain,1,England,0,
1950,91,Group Stage,Grp2,Chile,5,United States,2,
1950,93,Group Stage,Grp3,Sweden,3,Italy,2,
1950,92,Group Stage,Grp3,Sweden,2,Paraguay,2,tie
1950,91,Group Stage,Grp3,Italy,2,Paraguay,0,
1950,91,Group Stage,Grp4,Uruguay,8,Bolivia,0,
1950,26,Final Group,Wfrd,Spain,2,Uruguay,2,
1950,25,Final Group,Wfrd,Brazil,7,Sweden,1,
1950,24,Final Group,Wfrd,Brazil,6,Spain,1,
1950,23,Final Group,Wfrd,Uruguay,3,Sweden,2,
1950,22,Final Group,Wfrd,Sweden,3,Spain,1,
1950,21,Final Group,Wfrd,Uruguay,2,Brazil,1,
1954,94,Group Stage,Grp1,Brazil,5,Mexico,0,
1954,93,Group Stage,Grp1,Yugoslavia,1,France,0,
1954,92,Group Stage,Grp1,France,3,Mexico,2,
1954,91,Group Stage,Grp1,Brazil,1,Yugoslavia,1,AET
1954,94,Group Stage,Grp2,West Germany,4,Turkey,1,
1954,93,Group Stage,Grp2,Hungary,9,South Korea,0,
1954,92,Group Stage,Grp2,Hungary,8,West Germany,3,
1954,91,Group Stage,Grp2,Turkey,7,South Korea,0,
1954,90,Group Stage,Grp2,West Germany,7,Turkey,2,Playoff
1954,94,Group Stage,Grp3,Austria,1,Scotland,0,
1954,93,Group Stage,Grp3,Uruguay,2,Czechoslovakia,0,
1954,92,Group Stage,Grp3,Uruguay,7,Scotland,0,
1954,91,Group Stage,Grp3,Austria,5,Czechoslovakia,0,
1954,94,Group Stage,Grp4,Switzerland,2,Italy,1,
1954,93,Group Stage,Grp4,England,4,Belgium,4,AET
1954,92,Group Stage,Grp4,England,2,Switzerland,0,
1954,91,Group Stage,Grp4,Italy,4,Belgium,1,
1954,90,Group Stage,Grp4,Switzerland,4,Italy,1,Playoff
1954,3,Third Place,W3rd,Austria,3,Uruguay,1,
1954,2,Final,Wfin,West Germany,3,Hungary,2,
1954,8,Quarterfinals,Wqua,Hungary,4,Brazil,2,
1954,8,Quarterfinals,Wqua,Uruguay,4,England,2,
1954,8,Quarterfinals,Wqua,Austria,7,Switzerland,5,
1954,8,Quarterfinals,Wqua,West Germany,2,Yugoslavia,0,
1954,4,Semifinals,Wsmi,West Germany,6,Austria,1,
1954,4,Semifinals,Wsmi,Hungary,4,Uruguay,2,AET
1958,96,Group Stage,Grp1,West Germany,3,Argentina,1,
1958,95,Group Stage,Grp1,Northern Ireland,1,Czechoslovakia,0,
1958,94,Group Stage,Grp1,West Germany,2,Czechoslovakia,2,tie
1958,93,Group Stage,Grp1,Argentina,3,Northern Ireland,1,
1958,92,Group Stage,Grp1,West Germany,2,Northern Ireland,2,tie
1958,91,Group Stage,Grp1,Czechoslovakia,6,Argentina,1,
1958,90,Group Stage,Grp1,Northern Ireland,2,Czechoslovakia,1,AET Playoff
1958,96,Group Stage,Grp2,Yugoslavia,1,Scotland,1,tie
1958,95,Group Stage,Grp2,France,7,Paraguay,3,
1958,94,Group Stage,Grp2,Yugoslavia,3,France,2,
1958,93,Group Stage,Grp2,Paraguay,3,Scotland,2,
1958,92,Group Stage,Grp2,Paraguay,3,Yugoslavia,3,tie
1958,91,Group Stage,Grp2,France,2,Scotland,1,
1958,96,Group Stage,Grp3,Sweden,3,Mexico,0,
1958,95,Group Stage,Grp3,Hungary,1,Wales,1,tie
1958,94,Group Stage,Grp3,Mexico,1,Wales,1,tie
1958,93,Group Stage,Grp3,Sweden,2,Hungary,1,
1958,92,Group Stage,Grp3,Sweden,0,Wales,0,tie
1958,91,Group Stage,Grp3,Hungary,4,Mexico,0,
1958,90,Group Stage,Grp3,Wales,2,Hungary,1,Playoff
1958,96,Group Stage,Grp4,Soviet Union,2,England,2,tie
1958,95,Group Stage,Grp4,Brazil,3,Austria,0,
1958,94,Group Stage,Grp4,Soviet Union,2,Austria,0,
1958,93,Group Stage,Grp4,Brazil,0,England,0,tie
1958,92,Group Stage,Grp4,England,2,Austria,2,tie
1958,91,Group Stage,Grp4,Brazil,2,Soviet Union,0,
1958,90,Group Stage,Grp4,Soviet Union,1,England,0,Playoff
1958,3,Third Place,W3rd,France,6,West Germany,3,
1958,2,Final,Wfin,Brazil,5,Sweden,2,
1958,8,Quarterfinals,Wqua,France,4,Northern Ireland,0,
1958,8,Quarterfinals,Wqua,Sweden,2,Soviet Union,0,
1958,8,Quarterfinals,Wqua,Brazil,1,Wales,0,
1958,8,Quarterfinals,Wqua,West Germany,1,Yugoslavia,0,
1958,4,Semifinals,Wsmi,Brazil,5,France,2,
1958,4,Semifinals,Wsmi,Sweden,3,West Germany,1,
1962,96,Group Stage,Grp1,Uruguay,2,Colombia,1,
1962,95,Group Stage,Grp1,Soviet Union,2,Yugoslavia,0,
1962,94,Group Stage,Grp1,Yugoslavia,3,Uruguay,1,
1962,93,Group Stage,Grp1,Soviet Union,4,Colombia,4,tie
1962,92,Group Stage,Grp1,Soviet Union,2,Uruguay,1,
1962,91,Group Stage,Grp1,Yugoslavia,5,Colombia,0,
1962,96,Group Stage,Grp2,Chile,3,Switzerland,1,
1962,95,Group Stage,Grp2,West Germany,0,Italy,0,tie
1962,94,Group Stage,Grp2,Chile,2,Italy,0,
1962,93,Group Stage,Grp2,West Germany,2,Switzerland,1,
1962,92,Group Stage,Grp2,West Germany,2,Chile,0,
1962,91,Group Stage,Grp2,Italy,3,Switzerland,0,
1962,96,Group Stage,Grp3,Brazil,2,Mexico,0,
1962,95,Group Stage,Grp3,Czechoslovakia,1,Spain,0,
1962,94,Group Stage,Grp3,Brazil,0,Czechoslovakia,0,tie
1962,93,Group Stage,Grp3,Spain,1,Mexico,0,
1962,92,Group Stage,Grp3,Brazil,2,Spain,1,
1962,91,Group Stage,Grp3,Mexico,3,Czechoslovakia,1,
1962,96,Group Stage,Grp4,Argentina,1,Bulgaria,0,
1962,95,Group Stage,Grp4,Hungary,2,England,1,
1962,94,Group Stage,Grp4,England,3,Argentina,1,
1962,93,Group Stage,Grp4,Hungary,6,Bulgaria,1,
1962,92,Group Stage,Grp4,Hungary,0,Argentina,0,tie
1962,91,Group Stage,Grp4,England,0,Bulgaria,0,tie
1962,3,Third Place,W3rd,Chile,1,Yugoslavia,0,
1962,2,Final,Wfin,Brazil,3,Czechoslovakia,1,
1962,8,Quarterfinals,Wqua,Brazil,3,England,1,
1962,8,Quarterfinals,Wqua,Czechoslovakia,1,Hungary,0,
1962,8,Quarterfinals,Wqua,Chile,2,Soviet Union,1,
1962,8,Quarterfinals,Wqua,Yugoslavia,1,West Germany,0,
1962,4,Semifinals,Wsmi,Brazil,4,Chile,2,
1962,4,Semifinals,Wsmi,Czechoslovakia,3,Yugoslavia,1,
1966,96,Group Stage,Grp1,England,0,Uruguay,0,tie
1966,95,Group Stage,Grp1,France,1,Mexico,1,tie
1966,94,Group Stage,Grp1,Uruguay,2,France,1,
1966,93,Group Stage,Grp1,England,2,Mexico,0,
1966,92,Group Stage,Grp1,Uruguay,0,Mexico,0,tie
1966,91,Group Stage,Grp1,England,2,France,0,
1966,96,Group Stage,Grp2,West Germany,5,Switzerland,0,
1966,95,Group Stage,Grp2,Argentina,2,Spain,1,
1966,94,Group Stage,Grp2,Spain,2,Switzerland,1,
1966,93,Group Stage,Grp2,West Germany,0,Argentina,0,tie
1966,92,Group Stage,Grp2,Argentina,2,Switzerland,0,
1966,91,Group Stage,Grp2,West Germany,2,Spain,1,
1966,96,Group Stage,Grp3,Brazil,2,Bulgaria,0,
1966,95,Group Stage,Grp3,Portugal,3,Hungary,1,
1966,94,Group Stage,Grp3,Hungary,3,Brazil,1,
1966,93,Group Stage,Grp3,Portugal,3,Bulgaria,0,
1966,92,Group Stage,Grp3,Portugal,3,Brazil,1,
1966,91,Group Stage,Grp3,Hungary,3,Bulgaria,1,
1966,96,Group Stage,Grp4,Soviet Union,3,North Korea,0,
1966,95,Group Stage,Grp4,Italy,2,Chile,0,
1966,94,Group Stage,Grp4,North Korea,1,Chile,1,tie
1966,93,Group Stage,Grp4,Soviet Union,1,Italy,0,
1966,92,Group Stage,Grp4,North Korea,1,Italy,0,
1966,91,Group Stage,Grp4,Soviet Union,2,Chile,1,
1966,3,Third Place,W3rd,Portugal,2,Soviet Union,1,
1966,2,Final,Wfin,England,4,West Germany,2,AET
1966,8,Quarterfinals,Wqua,England,1,Argentina,0,
1966,8,Quarterfinals,Wqua,Soviet Union,2,Hungary,1,
1966,8,Quarterfinals,Wqua,Portugal,5,North Korea,3,
1966,8,Quarterfinals,Wqua,West Germany,4,Uruguay,0,
1966,4,Semifinals,Wsmi,England,2,Portugal,1,
1966,4,Semifinals,Wsmi,West Germany,2,Soviet Union,1,
1970,96,Group Stage,Grp1,Mexico,0,Soviet Union,0,tie
1970,95,Group Stage,Grp1,Belgium,3,El Salvador,0,
1970,94,Group Stage,Grp1,Soviet Union,4,Belgium,1,
1970,93,Group Stage,Grp1,Mexico,4,El Salvador,0,
1970,92,Group Stage,Grp1,Soviet Union,2,El Salvador,0,
1970,91,Group Stage,Grp1,Mexico,1,Belgium,0,
1970,96,Group Stage,Grp2,Uruguay,2,Israel,0,
1970,95,Group Stage,Grp2,Italy,1,Sweden,0,
1970,94,Group Stage,Grp2,Uruguay,0,Italy,0,tie
1970,93,Group Stage,Grp2,Sweden,1,Israel,1,tie
1970,92,Group Stage,Grp2,Sweden,1,Uruguay,0,
1970,91,Group Stage,Grp2,Italy,0,Israel,0,tie
1970,96,Group Stage,Grp3,England,1,Romania,0,
1970,95,Group Stage,Grp3,Brazil,4,Czechoslovakia,1,
1970,94,Group Stage,Grp3,Romania,2,Czechoslovakia,1,
1970,93,Group Stage,Grp3,Brazil,1,England,0,
1970,92,Group Stage,Grp3,Brazil,3,Romania,2,
1970,91,Group Stage,Grp3,England,1,Czechoslovakia,0,
1970,96,Group Stage,Grp4,Peru,3,Bulgaria,2,
1970,95,Group Stage,Grp4,West Germany,2,Morocco,1,
1970,94,Group Stage,Grp4,Peru,3,Morocco,0,
1970,93,Group Stage,Grp4,West Germany,5,Bulgaria,2,
1970,92,Group Stage,Grp4,West Germany,3,Peru,1,
1970,91,Group Stage,Grp4,Bulgaria,1,Morocco,1,tie
1970,3,Third Place,W3rd,West Germany,1,Uruguay,0,
1970,2,Final,Wfin,Brazil,4,Italy,1,
1970,8,Quarterfinals,Wqua,West Germany,3,England,2,AET
1970,8,Quarterfinals,Wqua,Italy,4,Mexico,1,
1970,8,Quarterfinals,Wqua,Brazil,4,Peru,2,
1970,8,Quarterfinals,Wqua,Uruguay,1,Soviet Union,0,AET
1970,4,Semifinals,Wsmi,Brazil,3,Uruguay,1,
1970,4,Semifinals,Wsmi,Italy,4,West Germany,3,AET
1974,86,2nd Group,A2nd,Brazil,1,East Germany,0,
1974,85,2nd Group,A2nd,Netherlands,4,Argentina,0,
1974,84,2nd Group,A2nd,Netherlands,2,East Germany,0,
1974,83,2nd Group,A2nd,Brazil,2,Argentina,1,
1974,82,2nd Group,A2nd,Netherlands,2,Brazil,0,
1974,81,2nd Group,A2nd,Argentina,1,East Germany,1,tie
1974,86,2nd Group,B2nd,Poland,1,Sweden,0,
1974,85,2nd Group,B2nd,West Germany,2,Yugoslavia,0,
1974,84,2nd Group,B2nd,West Germany,4,Sweden,2,
1974,83,2nd Group,B2nd,Poland,2,Yugoslavia,1,
1974,82,2nd Group,B2nd,West Germany,1,Poland,0,
1974,81,2nd Group,B2nd,Sweden,2,Yugoslavia,1,
1974,96,Group Stage,Grp1,East Germany,2,Australia,0,
1974,95,Group Stage,Grp1,West Germany,1,Chile,0,
1974,94,Group Stage,Grp1,West Germany,3,Australia,0,
1974,93,Group Stage,Grp1,Chile,1,East Germany,1,tie
1974,92,Group Stage,Grp1,East Germany,1,West Germany,0,
1974,91,Group Stage,Grp1,Australia,0,Chile,0,tie
1974,96,Group Stage,Grp2,Brazil,0,Yugoslavia,0,tie
1974,95,Group Stage,Grp2,Scotland,2,Zaire,0,
1974,94,Group Stage,Grp2,Yugoslavia,9,Zaire,0,
1974,93,Group Stage,Grp2,Scotland,0,Brazil,0,tie
1974,92,Group Stage,Grp2,Scotland,1,Yugoslavia,1,tie
1974,91,Group Stage,Grp2,Brazil,3,Zaire,0,
1974,96,Group Stage,Grp3,Sweden,0,Bulgaria,0,tie
1974,95,Group Stage,Grp3,Netherlands,2,Uruguay,0,
1974,94,Group Stage,Grp3,Bulgaria,1,Uruguay,1,tie
1974,93,Group Stage,Grp3,Netherlands,0,Sweden,0,tie
1974,92,Group Stage,Grp3,Sweden,3,Uruguay,0,
1974,91,Group Stage,Grp3,Netherlands,4,Bulgaria,1,
1974,96,Group Stage,Grp4,Poland,3,Argentina,2,
1974,95,Group Stage,Grp4,Italy,3,Haiti,1,
1974,94,Group Stage,Grp4,Argentina,1,Italy,1,tie
1974,93,Group Stage,Grp4,Poland,7,Haiti,0,
1974,92,Group Stage,Grp4,Poland,2,Italy,1,
1974,91,Group Stage,Grp4,Argentina,4,Haiti,1,
1974,3,Third Place,W3rd,Poland,1,Brazil,0,
1974,2,Final,Wfin,West Germany,2,Netherlands,1,
1978,86,2nd Group,A2nd,West Germany,0,Italy,0,tie
1978,85,2nd Group,A2nd,Netherlands,5,Austria,1,
1978,84,2nd Group,A2nd,West Germany,2,Netherlands,2,tie
1978,83,2nd Group,A2nd,Italy,1,Austria,0,
1978,82,2nd Group,A2nd,Austria,3,West Germany,2,
1978,81,2nd Group,A2nd,Netherlands,2,Italy,1,
1978,86,2nd Group,B2nd,Brazil,3,Peru,0,
1978,85,2nd Group,B2nd,Argentina,2,Poland,0,
1978,84,2nd Group,B2nd,Poland,1,Peru,0,
1978,83,2nd Group,B2nd,Argentina,0,Brazil,0,tie
1978,82,2nd Group,B2nd,Argentina,6,Peru,0,
1978,81,2nd Group,B2nd,Brazil,3,Poland,1,
1978,96,Group Stage,Grp1,Italy,2,France,1,
1978,95,Group Stage,Grp1,Argentina,2,Hungary,1,
1978,94,Group Stage,Grp1,Argentina,2,France,1,
1978,93,Group Stage,Grp1,Italy,3,Hungary,1,
1978,92,Group Stage,Grp1,Italy,1,Argentina,0,
1978,91,Group Stage,Grp1,France,3,Hungary,1,
1978,96,Group Stage,Grp2,West Germany,0,Poland,0,tie
1978,95,Group Stage,Grp2,Tunisia,3,Mexico,1,
1978,94,Group Stage,Grp2,Poland,1,Tunisia,0,
1978,93,Group Stage,Grp2,West Germany,6,Mexico,0,
1978,92,Group Stage,Grp2,West Germany,0,Tunisia,0,tie
1978,91,Group Stage,Grp2,Poland,3,Mexico,1,
1978,96,Group Stage,Grp3,Sweden,1,Brazil,1,tie
1978,95,Group Stage,Grp3,Austria,2,Spain,1,
1978,94,Group Stage,Grp3,Brazil,0,Spain,0,tie
1978,93,Group Stage,Grp3,Austria,1,Sweden,0,
1978,92,Group Stage,Grp3,Brazil,1,Austria,0,
1978,91,Group Stage,Grp3,Spain,1,Sweden,0,
1978,96,Group Stage,Grp4,Peru,3,Scotland,1,
1978,95,Group Stage,Grp4,Netherlands,3,Iran,0,
1978,94,Group Stage,Grp4,Scotland,1,Iran,1,tie
1978,93,Group Stage,Grp4,Netherlands,0,Peru,0,tie
1978,92,Group Stage,Grp4,Peru,4,Iran,1,
1978,91,Group Stage,Grp4,Scotland,3,Netherlands,2,
1978,3,Third Place,W3rd,Brazil,2,Italy,1,
1978,2,Final,Wfin,Argentina,3,Netherlands,1,AET
1982,83,2nd Group,A2nd,Poland,3,Belgium,0,
1982,82,2nd Group,A2nd,Soviet Union,1,Belgium,0,
1982,81,2nd Group,A2nd,Poland,0,Soviet Union,0,tie
1982,83,2nd Group,B2nd,West Germany,0,England,0,tie
1982,82,2nd Group,B2nd,West Germany,2,Spain,1,
1982,81,2nd Group,B2nd,Spain,0,England,0,tie
1982,83,2nd Group,C2nd,Italy,2,Argentina,1,
1982,82,2nd Group,C2nd,Brazil,3,Argentina,1,
1982,81,2nd Group,C2nd,Italy,3,Brazil,2,
1982,83,2nd Group,D2nd,France,1,Austria,0,
1982,82,2nd Group,D2nd,Austria,2,Northern Ireland,2,tie
1982,81,2nd Group,D2nd,France,4,Northern Ireland,1,
1982,96,Group Stage,Grp1,Italy,0,Poland,0,tie
1982,95,Group Stage,Grp1,Peru,0,Cameroon,0,tie
1982,94,Group Stage,Grp1,Italy,1,Peru,1,tie
1982,93,Group Stage,Grp1,Poland,0,Cameroon,0,tie
1982,92,Group Stage,Grp1,Poland,5,Peru,1,
1982,91,Group Stage,Grp1,Italy,1,Cameroon,1,tie
1982,96,Group Stage,Grp2,Algeria,2,West Germany,1,
1982,95,Group Stage,Grp2,Austria,1,Chile,0,
1982,94,Group Stage,Grp2,West Germany,4,Chile,1,
1982,93,Group Stage,Grp2,Austria,2,Algeria,0,
1982,92,Group Stage,Grp2,Algeria,3,Chile,2,
1982,91,Group Stage,Grp2,West Germany,1,Austria,0,
1982,96,Group Stage,Grp3,Belgium,1,Argentina,0,
1982,95,Group Stage,Grp3,Hungary,10,El Salvador,1,
1982,94,Group Stage,Grp3,Argentina,4,Hungary,1,
1982,93,Group Stage,Grp3,Belgium,1,El Salvador,0,
1982,92,Group Stage,Grp3,Belgium,1,Hungary,1,tie
1982,91,Group Stage,Grp3,Argentina,2,El Salvador,0,
1982,96,Group Stage,Grp4,England,3,France,1,
1982,95,Group Stage,Grp4,Czechoslovakia,1,Kuwait,1,tie
1982,94,Group Stage,Grp4,England,2,Czechoslovakia,0,
1982,93,Group Stage,Grp4,France,4,Kuwait,1,
1982,92,Group Stage,Grp4,France,1,Czechoslovakia,1,tie
1982,91,Group Stage,Grp4,England,1,Kuwait,0,
1982,96,Group Stage,Grp5,Spain,1,Honduras,1,tie
1982,95,Group Stage,Grp5,Yugoslavia,0,Northern Ireland,0,tie
1982,94,Group Stage,Grp5,Spain,2,Yugoslavia,1,
1982,93,Group Stage,Grp5,Honduras,1,Northern Ireland,1,tie
1982,92,Group Stage,Grp5,Yugoslavia,1,Honduras,0,
1982,91,Group Stage,Grp5,Northern Ireland,1,Spain,0,
1982,96,Group Stage,Grp6,Brazil,2,Soviet Union,1,
1982,95,Group Stage,Grp6,Scotland,5,New Zealand,2,
1982,94,Group Stage,Grp6,Brazil,4,Scotland,1,
1982,93,Group Stage,Grp6,Soviet Union,3,New Zealand,0,
1982,92,Group Stage,Grp6,Soviet Union,2,Scotland,2,tie
1982,91,Group Stage,Grp6,Brazil,4,New Zealand,0,
1982,3,Third Place,W3rd,Poland,3,France,2,
1982,2,Final,Wfin,Italy,3,West Germany,1,
1982,4,Semifinals,Wsmi,West Germany,3,France,3,5-4P
1982,4,Semifinals,Wsmi,Italy,2,Poland,0,
1986,96,Group Stage,GrpA,Bulgaria,1,Italy,0,
1986,95,Group Stage,GrpA,Argentina,3,South Korea,1,
1986,94,Group Stage,GrpA,South Korea,1,Bulgaria,1,tie
1986,93,Group Stage,GrpA,Italy,1,Argentina,1,tie
1986,92,Group Stage,GrpA,Argentina,2,Bulgaria,0,
1986,91,Group Stage,GrpA,Italy,3,South Korea,2,
1986,96,Group Stage,GrpB,Mexico,2,Belgium,1,
1986,95,Group Stage,GrpB,Paraguay,1,Iraq,0,
1986,94,Group Stage,GrpB,Mexico,1,Paraguay,1,tie
1986,93,Group Stage,GrpB,Belgium,2,Iraq,1,
1986,92,Group Stage,GrpB,Paraguay,2,Belgium,2,tie
1986,91,Group Stage,GrpB,Mexico,1,Iraq,0,
1986,96,Group Stage,GrpC,France,1,Canada,0,
1986,95,Group Stage,GrpC,Soviet Union,6,Hungary,0,
1986,94,Group Stage,GrpC,France,1,Soviet Union,1,tie
1986,93,Group Stage,GrpC,Hungary,2,Canada,0,
1986,92,Group Stage,GrpC,Soviet Union,2,Canada,0,
1986,91,Group Stage,GrpC,France,3,Hungary,0,
1986,96,Group Stage,GrpD,Brazil,1,Spain,0,
1986,95,Group Stage,GrpD,Algeria,1,Northern Ireland,1,tie
1986,94,Group Stage,GrpD,Brazil,1,Algeria,0,
1986,93,Group Stage,GrpD,Spain,2,Northern Ireland,1,
1986,92,Group Stage,GrpD,Brazil,3,Northern Ireland,0,
1986,91,Group Stage,GrpD,Spain,3,Algeria,0,
1986,96,Group Stage,GrpE,Denmark,1,Scotland,0,
1986,95,Group Stage,GrpE,Uruguay,1,West Germany,1,tie
1986,94,Group Stage,GrpE,Denmark,6,Uruguay,1,
1986,93,Group Stage,GrpE,West Germany,2,Scotland,1,
1986,92,Group Stage,GrpE,Denmark,2,West Germany,0,
1986,91,Group Stage,GrpE,Scotland,0,Uruguay,0,tie
1986,96,Group Stage,GrpF,Morocco,0,Poland,0,tie
1986,95,Group Stage,GrpF,Portugal,1,England,0,
1986,94,Group Stage,GrpF,England,0,Morocco,0,tie
1986,93,Group Stage,GrpF,Poland,1,Portugal,0,
1986,92,Group Stage,GrpF,Morocco,3,Portugal,1,
1986,91,Group Stage,GrpF,England,3,Poland,0,
1986,3,Third Place,W3rd,France,4,Belgium,2,AET
1986,2,Final,Wfin,Argentina,3,West Germany,2,
1986,16,Round of 16,Wpre,Mexico,2,Bulgaria,0,
1986,16,Round of 16,Wpre,Spain,5,Denmark,1,
1986,16,Round of 16,Wpre,France,2,Italy,0,
1986,16,Round of 16,Wpre,West Germany,1,Morocco,0,
1986,16,Round of 16,Wpre,England,3,Paraguay,0,
1986,16,Round of 16,Wpre,Brazil,4,Poland,0,
1986,16,Round of 16,Wpre,Belgium,4,Soviet Union,3,AET
1986,16,Round of 16,Wpre,Argentina,1,Uruguay,0,
1986,8,Quarterfinals,Wqua,France,1,Brazil,1,4-3P
1986,8,Quarterfinals,Wqua,Argentina,2,England,1,
1986,8,Quarterfinals,Wqua,West Germany,0,Mexico,0,4-1P
1986,8,Quarterfinals,Wqua,Belgium,1,Spain,1,5-4P
1986,4,Semifinals,Wsmi,Argentina,2,Belgium,0,
1986,4,Semifinals,Wsmi,West Germany,2,France,0,
1990,96,Group Stage,GrpA,Italy,1,Austria,0,
1990,95,Group Stage,GrpA,Czechoslovakia,5,United States,1,
1990,94,Group Stage,GrpA,Italy,1,United States,0,
1990,93,Group Stage,GrpA,Czechoslovakia,1,Austria,0,
1990,92,Group Stage,GrpA,Italy,2,Czechoslovakia,0,
1990,91,Group Stage,GrpA,Austria,2,United States,1,
1990,96,Group Stage,GrpB,Cameroon,1,Argentina,0,
1990,95,Group Stage,GrpB,Romania,2,Soviet Union,0,
1990,94,Group Stage,GrpB,Argentina,2,Soviet Union,0,
1990,93,Group Stage,GrpB,Cameroon,2,Romania,1,
1990,92,Group Stage,GrpB,Argentina,1,Romania,1,tie
1990,91,Group Stage,GrpB,Soviet Union,4,Cameroon,0,
1990,96,Group Stage,GrpC,Brazil,2,Sweden,1,
1990,95,Group Stage,GrpC,Costa Rica,1,Scotland,0,
1990,94,Group Stage,GrpC,Brazil,1,Costa Rica,0,
1990,93,Group Stage,GrpC,Scotland,2,Sweden,1,
1990,92,Group Stage,GrpC,Brazil,1,Scotland,0,
1990,91,Group Stage,GrpC,Costa Rica,2,Sweden,1,
1990,96,Group Stage,GrpD,Colombia,2,United Arab Emirates,0,
1990,95,Group Stage,GrpD,West Germany,4,Yugoslavia,1,
1990,94,Group Stage,GrpD,Yugoslavia,1,Colombia,0,
1990,93,Group Stage,GrpD,West Germany,5,United Arab Emirates,1,
1990,92,Group Stage,GrpD,Yugoslavia,4,United Arab Emirates,1,
1990,91,Group Stage,GrpD,West Germany,1,Colombia,1,tie
1990,96,Group Stage,GrpE,Belgium,2,South Korea,0,
1990,95,Group Stage,GrpE,Uruguay,0,Spain,0,tie
1990,94,Group Stage,GrpE,Spain,3,South Korea,1,
1990,93,Group Stage,GrpE,Belgium,3,Uruguay,1,
1990,92,Group Stage,GrpE,Uruguay,1,South Korea,0,
1990,91,Group Stage,GrpE,Spain,2,Belgium,1,
1990,96,Group Stage,GrpF,England,1,Ireland,1,tie
1990,95,Group Stage,GrpF,Netherlands,1,Egypt,1,tie
1990,94,Group Stage,GrpF,England,0,Netherlands,0,tie
1990,93,Group Stage,GrpF,Ireland,0,Egypt,0,tie
1990,92,Group Stage,GrpF,Ireland,1,Netherlands,1,tie
1990,91,Group Stage,GrpF,England,1,Egypt,0,
1990,3,Third Place,W3rd,Italy,2,England,1,
1990,2,Final,Wfin,West Germany,1,Argentina,0,
1990,16,Round of 16,Wpre,England,1,Belgium,0,AET
1990,16,Round of 16,Wpre,Argentina,1,Brazil,0,
1990,16,Round of 16,Wpre,Cameroon,2,Colombia,1,AET
1990,16,Round of 16,Wpre,Czechoslovakia,4,Costa Rica,1,
1990,16,Round of 16,Wpre,West Germany,2,Netherlands,1,
1990,16,Round of 16,Wpre,Ireland,0,Romania,0,5-4P
1990,16,Round of 16,Wpre,Yugoslavia,2,Spain,1,AET
1990,16,Round of 16,Wpre,Italy,2,Uruguay,0,
1990,8,Quarterfinals,Wqua,England,3,Cameroon,2,AET
1990,8,Quarterfinals,Wqua,West Germany,1,Czechoslovakia,0,
1990,8,Quarterfinals,Wqua,Italy,1,Ireland,0,
1990,8,Quarterfinals,Wqua,Argentina,0,Yugoslavia,0,3-2P
1990,4,Semifinals,Wsmi,West Germany,1,England,1,4-3P
1990,4,Semifinals,Wsmi,Argentina,1,Italy,1,4-3P
1994,96,Group Stage,GrpA,Romania,3,Colombia,1,
1994,95,Group Stage,GrpA,United States,1,Switzerland,1,tie
1994,94,Group Stage,GrpA,Switzerland,4,Romania,1,
1994,93,Group Stage,GrpA,United States,2,Colombia,1,
1994,92,Group Stage,GrpA,Romania,1,United States,0,
1994,91,Group Stage,GrpA,Colombia,2,Switzerland,0,
1994,96,Group Stage,GrpB,Cameroon,2,Sweden,2,tie
1994,95,Group Stage,GrpB,Brazil,2,Russia,0,
1994,94,Group Stage,GrpB,Sweden,3,Russia,1,
1994,93,Group Stage,GrpB,Brazil,3,Cameroon,0,
1994,92,Group Stage,GrpB,Russia,6,Cameroon,1,
1994,91,Group Stage,GrpB,Brazil,1,Sweden,1,tie
1994,96,Group Stage,GrpC,Spain,2,South Korea,2,tie
1994,95,Group Stage,GrpC,Germany,1,Bolivia,0,
1994,94,Group Stage,GrpC,Germany,1,Spain,1,tie
1994,93,Group Stage,GrpC,South Korea,0,Bolivia,0,tie
1994,92,Group Stage,GrpC,Germany,3,South Korea,2,
1994,91,Group Stage,GrpC,Spain,3,Bolivia,1,
1994,96,Group Stage,GrpD,Nigeria,3,Bulgaria,0,
1994,95,Group Stage,GrpD,Argentina,4,Greece,0,
1994,94,Group Stage,GrpD,Argentina,2,Nigeria,1,
1994,93,Group Stage,GrpD,Bulgaria,4,Greece,0,
1994,92,Group Stage,GrpD,Bulgaria,2,Argentina,0,
1994,91,Group Stage,GrpD,Nigeria,2,Greece,0,
1994,96,Group Stage,GrpE,Ireland,1,Italy,0,
1994,95,Group Stage,GrpE,Norway,1,Mexico,0,
1994,94,Group Stage,GrpE,Italy,1,Norway,0,
1994,93,Group Stage,GrpE,Mexico,2,Ireland,1,
1994,92,Group Stage,GrpE,Italy,1,Mexico,1,tie
1994,91,Group Stage,GrpE,Ireland,0,Norway,0,tie
1994,96,Group Stage,GrpF,Belgium,1,Morocco,0,
1994,95,Group Stage,GrpF,Netherlands,2,Saudi Arabia,1,
1994,94,Group Stage,GrpF,Belgium,1,Netherlands,0,
1994,93,Group Stage,GrpF,Saudi Arabia,2,Morocco,1,
1994,92,Group Stage,GrpF,Netherlands,2,Morocco,1,
1994,91,Group Stage,GrpF,Saudi Arabia,1,Belgium,0,
1994,3,Third Place,W3rd,Sweden,4,Bulgaria,0,
1994,2,Final,Wfin,Brazil,0,Italy,0,3-2P
1994,16,Round of 16,Wpre,Romania,3,Argentina,2,
1994,16,Round of 16,Wpre,Germany,3,Belgium,2,
1994,16,Round of 16,Wpre,Netherlands,2,Ireland,0,
1994,16,Round of 16,Wpre,Bulgaria,1,Mexico,1,3-1P
1994,16,Round of 16,Wpre,Italy,2,Nigeria,1,AET
1994,16,Round of 16,Wpre,Sweden,3,Saudi Arabia,1,
1994,16,Round of 16,Wpre,Spain,3,Switzerland,0,
1994,16,Round of 16,Wpre,Brazil,1,United States,0,
1994,8,Quarterfinals,Wqua,Bulgaria,2,Germany,1,
1994,8,Quarterfinals,Wqua,Brazil,3,Netherlands,2,
1994,8,Quarterfinals,Wqua,Sweden,2,Romania,2,5-4P
1994,8,Quarterfinals,Wqua,Italy,2,Spain,1,
1994,4,Semifinals,Wsmi,Italy,2,Bulgaria,1,
1994,4,Semifinals,Wsmi,Brazil,1,Sweden,0,
1998,96,Group Stage,GrpA,Brazil,2,Scotland,1,
1998,95,Group Stage,GrpA,Morocco,2,Norway,2,tie
1998,94,Group Stage,GrpA,Brazil,3,Morocco,0,
1998,93,Group Stage,GrpA,Scotland,1,Norway,1,tie
1998,92,Group Stage,GrpA,Norway,2,Brazil,1,
1998,91,Group Stage,GrpA,Morocco,3,Scotland,0,
1998,96,Group Stage,GrpB,Italy,2,Chile,2,tie
1998,95,Group Stage,GrpB,Cameroon,1,Austria,1,tie
1998,94,Group Stage,GrpB,Chile,1,Austria,1,tie
1998,93,Group Stage,GrpB,Italy,3,Cameroon,0,
1998,92,Group Stage,GrpB,Italy,2,Austria,1,
1998,91,Group Stage,GrpB,Chile,1,Cameroon,1,tie
1998,96,Group Stage,GrpC,Denmark,1,Saudi Arabia,0,
1998,95,Group Stage,GrpC,France,3,South Africa,0,
1998,94,Group Stage,GrpC,South Africa,1,Denmark,1,tie
1998,93,Group Stage,GrpC,France,4,Saudi Arabia,0,
1998,92,Group Stage,GrpC,South Africa,2,Saudi Arabia,2,tie
1998,91,Group Stage,GrpC,France,2,Denmark,1,
1998,96,Group Stage,GrpD,Paraguay,0,Bulgaria,0,tie
1998,95,Group Stage,GrpD,Nigeria,3,Spain,2,
1998,94,Group Stage,GrpD,Nigeria,1,Bulgaria,0,
1998,93,Group Stage,GrpD,Spain,0,Paraguay,0,tie
1998,92,Group Stage,GrpD,Spain,6,Bulgaria,1,
1998,91,Group Stage,GrpD,Paraguay,3,Nigeria,1,
1998,96,Group Stage,GrpE,Netherlands,0,Belgium,0,tie
1998,95,Group Stage,GrpE,Mexico,3,South Korea,1,
1998,94,Group Stage,GrpE,Netherlands,5,South Korea,0,
1998,93,Group Stage,GrpE,Belgium,2,Mexico,2,tie
1998,92,Group Stage,GrpE,Belgium,1,South Korea,1,tie
1998,91,Group Stage,GrpE,Netherlands,2,Mexico,2,tie
1998,96,Group Stage,GrpF,Yugoslavia,1,Iran,0,
1998,95,Group Stage,GrpF,Germany,2,United States,0,
1998,94,Group Stage,GrpF,Germany,2,Yugoslavia,2,tie
1998,93,Group Stage,GrpF,Iran,2,United States,1,
1998,92,Group Stage,GrpF,Germany,2,Iran,0,
1998,91,Group Stage,GrpF,Yugoslavia,1,United States,0,
1998,96,Group Stage,GrpG,Romania,1,Colombia,0,
1998,95,Group Stage,GrpG,England,2,Tunisia,0,
1998,94,Group Stage,GrpG,Colombia,1,Tunisia,0,
1998,93,Group Stage,GrpG,Romania,2,England,1,
1998,92,Group Stage,GrpG,Romania,1,Tunisia,1,tie
1998,91,Group Stage,GrpG,England,2,Colombia,0,
1998,96,Group Stage,GrpH,Argentina,1,Japan,0,
1998,95,Group Stage,GrpH,Croatia,2,Jamaica,1,
1998,94,Group Stage,GrpH,Croatia,1,Japan,0,
1998,93,Group Stage,GrpH,Argentina,5,Jamaica,0,
1998,92,Group Stage,GrpH,Jamaica,2,Japan,1,
1998,91,Group Stage,GrpH,Argentina,1,Croatia,0,
1998,3,Third Place,W3rd,Croatia,2,Netherlands,1,
1998,2,Final,Wfin,France,3,Brazil,0,
1998,16,Round of 16,Wpre,Brazil,4,Chile,1,
1998,16,Round of 16,Wpre,Argentina,2,England,2,4-3P
1998,16,Round of 16,Wpre,Germany,2,Mexico,1,
1998,16,Round of 16,Wpre,Denmark,4,Nigeria,1,
1998,16,Round of 16,Wpre,Italy,1,Norway,0,
1998,16,Round of 16,Wpre,France,1,Paraguay,0,AET
1998,16,Round of 16,Wpre,Croatia,1,Romania,0,
1998,16,Round of 16,Wpre,Netherlands,2,Yugoslavia,1,
1998,8,Quarterfinals,Wqua,Netherlands,2,Argentina,1,
1998,8,Quarterfinals,Wqua,Brazil,3,Denmark,2,
1998,8,Quarterfinals,Wqua,Croatia,3,Germany,0,
1998,8,Quarterfinals,Wqua,France,0,Italy,0,4-3P
1998,4,Semifinals,Wsmi,France,2,Croatia,1,
1998,4,Semifinals,Wsmi,Brazil,1,Netherlands,1,4-2P
2002,96,Group Stage,GrpA,Senegal,1,France,0,
2002,95,Group Stage,GrpA,Denmark,2,Uruguay,1,
2002,94,Group Stage,GrpA,France,0,Uruguay,0,tie
2002,93,Group Stage,GrpA,Denmark,1,Senegal,1,tie
2002,92,Group Stage,GrpA,Denmark,2,France,0,
2002,91,Group Stage,GrpA,Senegal,3,Uruguay,3,tie
2002,96,Group Stage,GrpB,Spain,3,Slovenia,1,
2002,95,Group Stage,GrpB,Paraguay,2,South Africa,2,tie
2002,94,Group Stage,GrpB,Spain,3,Paraguay,1,
2002,93,Group Stage,GrpB,South Africa,1,Slovenia,0,
2002,92,Group Stage,GrpB,Spain,3,South Africa,2,
2002,91,Group Stage,GrpB,Paraguay,3,Slovenia,1,
2002,96,Group Stage,GrpC,Brazil,2,Turkey,1,
2002,95,Group Stage,GrpC,Costa Rica,2,China,0,
2002,94,Group Stage,GrpC,Brazil,4,China,0,
2002,93,Group Stage,GrpC,Costa Rica,1,Turkey,1,tie
2002,92,Group Stage,GrpC,Turkey,3,China,0,
2002,91,Group Stage,GrpC,Brazil,5,Costa Rica,2,
2002,96,Group Stage,GrpD,South Korea,2,Poland,0,
2002,95,Group Stage,GrpD,United States,3,Portugal,2,
2002,94,Group Stage,GrpD,South Korea,1,United States,1,tie
2002,93,Group Stage,GrpD,Portugal,4,Poland,0,
2002,92,Group Stage,GrpD,Poland,3,United States,1,
2002,91,Group Stage,GrpD,South Korea,1,Portugal,0,
2002,96,Group Stage,GrpE,Germany,8,Saudi Arabia,0,
2002,95,Group Stage,GrpE,Ireland,1,Cameroon,1,tie
2002,94,Group Stage,GrpE,Germany,1,Ireland,1,tie
2002,93,Group Stage,GrpE,Cameroon,1,Saudi Arabia,0,
2002,92,Group Stage,GrpE,Germany,2,Cameroon,0,
2002,91,Group Stage,GrpE,Ireland,3,Saudi Arabia,0,
2002,96,Group Stage,GrpF,England,1,Sweden,1,tie
2002,95,Group Stage,GrpF,Argentina,1,Nigeria,0,
2002,94,Group Stage,GrpF,England,1,Argentina,0,
2002,93,Group Stage,GrpF,Sweden,2,Nigeria,1,
2002,92,Group Stage,GrpF,Sweden,1,Argentina,1,tie
2002,91,Group Stage,GrpF,Nigeria,0,England,0,tie
2002,96,Group Stage,GrpG,Italy,2,Ecuador,0,
2002,95,Group Stage,GrpG,Mexico,1,Croatia,0,
2002,94,Group Stage,GrpG,Croatia,2,Italy,1,
2002,93,Group Stage,GrpG,Mexico,2,Ecuador,1,
2002,92,Group Stage,GrpG,Mexico,1,Italy,1,tie
2002,91,Group Stage,GrpG,Ecuador,1,Croatia,0,
2002,96,Group Stage,GrpH,Japan,2,Belgium,2,tie
2002,95,Group Stage,GrpH,Russia,2,Tunisia,0,
2002,94,Group Stage,GrpH,Japan,1,Russia,0,
2002,93,Group Stage,GrpH,Tunisia,1,Belgium,1,tie
2002,92,Group Stage,GrpH,Belgium,3,Russia,2,
2002,91,Group Stage,GrpH,Japan,2,Tunisia,0,
2002,3,Third Place,W3rd,Turkey,3,South Korea,2,
2002,2,Final,Wfin,Brazil,2,Germany,0,
2002,16,Round of 16,Wpre,Brazil,2,Belgium,0,
2002,16,Round of 16,Wpre,England,3,Denmark,0,
2002,16,Round of 16,Wpre,Spain,1,Ireland,1,3-2P
2002,16,Round of 16,Wpre,South Korea,2,Italy,1,AET
2002,16,Round of 16,Wpre,Turkey,1,Japan,0,
2002,16,Round of 16,Wpre,United States,2,Mexico,0,
2002,16,Round of 16,Wpre,Germany,1,Paraguay,0,
2002,16,Round of 16,Wpre,Senegal,2,Sweden,1,AET
2002,8,Quarterfinals,Wqua,Brazil,2,England,1,
2002,8,Quarterfinals,Wqua,Turkey,1,Senegal,0,AET
2002,8,Quarterfinals,Wqua,South Korea,0,Spain,0,5-4P
2002,8,Quarterfinals,Wqua,Germany,1,United States,0,
2002,4,Semifinals,Wsmi,Germany,1,South Korea,0,
2002,4,Semifinals,Wsmi,Brazil,1,Turkey,0,
2006,96,Group Stage,GrpA,Ecuador,2,Poland,0,
2006,95,Group Stage,GrpA,Germany,4,Costa Rica,2,
2006,94,Group Stage,GrpA,Germany,1,Poland,0,
2006,93,Group Stage,GrpA,Ecuador,3,Costa Rica,0,
2006,92,Group Stage,GrpA,Poland,2,Costa Rica,1,
2006,91,Group Stage,GrpA,Germany,3,Ecuador,0,
2006,96,Group Stage,GrpB,Trinidad and Tobago,0,Sweden,0,tie
2006,95,Group Stage,GrpB,England,1,Paraguay,0,
2006,94,Group Stage,GrpB,England,2,Trinidad and Tobago,0,
2006,93,Group Stage,GrpB,Sweden,1,Paraguay,0,
2006,92,Group Stage,GrpB,Sweden,2,England,2,tie
2006,91,Group Stage,GrpB,Paraguay,2,Trinidad and Tobago,0,
2006,96,Group Stage,GrpC,Argentina,2,Ivory Coast,1,
2006,95,Group Stage,GrpC,Netherlands,1,Serbia and Montenegro,0,
2006,94,Group Stage,GrpC,Netherlands,2,Ivory Coast,1,
2006,93,Group Stage,GrpC,Argentina,6,Serbia and Montenegro,0,
2006,92,Group Stage,GrpC,Ivory Coast,3,Serbia and Montenegro,2,
2006,91,Group Stage,GrpC,Netherlands,0,Argentina,0,tie
2006,96,Group Stage,GrpD,Mexico,3,Iran,1,
2006,95,Group Stage,GrpD,Portugal,1,Angola,0,
2006,94,Group Stage,GrpD,Mexico,0,Angola,0,tie
2006,93,Group Stage,GrpD,Portugal,2,Iran,0,
2006,92,Group Stage,GrpD,Iran,1,Angola,1,tie
2006,91,Group Stage,GrpD,Portugal,2,Mexico,1,
2006,96,Group Stage,GrpE,Italy,2,Ghana,0,
2006,95,Group Stage,GrpE,Czech Republic,3,United States,0,
2006,94,Group Stage,GrpE,Ghana,2,Czech Republic,0,
2006,93,Group Stage,GrpE,Italy,1,United States,1,tie
2006,92,Group Stage,GrpE,Italy,2,Czech Republic,0,
2006,91,Group Stage,GrpE,Ghana,2,United States,1,
2006,96,Group Stage,GrpF,Australia,3,Japan,1,
2006,95,Group Stage,GrpF,Brazil,1,Croatia,0,
2006,94,Group Stage,GrpF,Japan,0,Croatia,0,tie
2006,93,Group Stage,GrpF,Brazil,2,Australia,0,
2006,92,Group Stage,GrpF,Croatia,2,Australia,2,tie
2006,91,Group Stage,GrpF,Brazil,4,Japan,1,
2006,96,Group Stage,GrpG,France,0,Switzerland,0,tie
2006,95,Group Stage,GrpG,South Korea,2,Togo,1,
2006,94,Group Stage,GrpG,France,1,South Korea,1,tie
2006,93,Group Stage,GrpG,Switzerland,2,Togo,0,
2006,92,Group Stage,GrpG,Switzerland,2,South Korea,0,
2006,91,Group Stage,GrpG,France,2,Togo,0,
2006,96,Group Stage,GrpH,Tunisia,2,Saudi Arabia,2,tie
2006,95,Group Stage,GrpH,Spain,4,Ukraine,0,
2006,94,Group Stage,GrpH,Spain,3,Tunisia,1,
2006,93,Group Stage,GrpH,Ukraine,4,Saudi Arabia,0,
2006,92,Group Stage,GrpH,Ukraine,1,Tunisia,0,
2006,91,Group Stage,GrpH,Spain,1,Saudi Arabia,0,
2006,3,Third Place,W3rd,Germany,3,Portugal,1,
2006,2,Final,Wfin,Italy,1,France,1,5-3P
2006,16,Round of 16,Wpre,Italy,1,Australia,0,
2006,16,Round of 16,Wpre,England,1,Ecuador,0,
2006,16,Round of 16,Wpre,Brazil,3,Ghana,0,
2006,16,Round of 16,Wpre,Argentina,2,Mexico,1,AET
2006,16,Round of 16,Wpre,Portugal,1,Netherlands,0,
2006,16,Round of 16,Wpre,France,3,Spain,1,
2006,16,Round of 16,Wpre,Germany,2,Sweden,0,
2006,16,Round of 16,Wpre,Ukraine,0,Switzerland,0,3-0P
2006,8,Quarterfinals,Wqua,Germany,1,Argentina,1,4-2P
2006,8,Quarterfinals,Wqua,France,1,Brazil,0,
2006,8,Quarterfinals,Wqua,Portugal,0,England,0,5-4P
2006,8,Quarterfinals,Wqua,Italy,3,Ukraine,0,
2006,4,Semifinals,Wsmi,Italy,2,Germany,0,AET
2006,4,Semifinals,Wsmi,France,1,Portugal,0,
2010,96,Group Stage,GrpA,Uruguay,0,France,0,tie
2010,95,Group Stage,GrpA,South Africa,1,Mexico,1,tie
2010,94,Group Stage,GrpA,Uruguay,3,South Africa,0,
2010,93,Group Stage,GrpA,Mexico,2,France,0,
2010,92,Group Stage,GrpA,Uruguay,1,Mexico,0,
2010,91,Group Stage,GrpA,South Africa,2,France,1,
2010,96,Group Stage,GrpB,South Korea,2,Greece,0,
2010,95,Group Stage,GrpB,Argentina,1,Nigeria,0,
2010,94,Group Stage,GrpB,Greece,2,Nigeria,1,
2010,93,Group Stage,GrpB,Argentina,4,South Korea,1,
2010,92,Group Stage,GrpB,Nigeria,2,South Korea,2,tie
2010,91,Group Stage,GrpB,Argentina,2,Greece,0,
2010,96,Group Stage,GrpC,England,1,United States,1,tie
2010,95,Group Stage,GrpC,Slovenia,1,Algeria,0,
2010,94,Group Stage,GrpC,Slovenia,2,United States,2,tie
2010,93,Group Stage,GrpC,England,0,Algeria,0,tie
2010,92,Group Stage,GrpC,United States,1,Algeria,0,
2010,91,Group Stage,GrpC,England,1,Slovenia,0,
2010,96,Group Stage,GrpD,Germany,4,Australia,0,
2010,95,Group Stage,GrpD,Ghana,1,Serbia,0,
2010,94,Group Stage,GrpD,Serbia,1,Germany,0,
2010,93,Group Stage,GrpD,Ghana,1,Australia,1,tie
2010,92,Group Stage,GrpD,Australia,2,Serbia,0,
2010,91,Group Stage,GrpD,Germany,1,Ghana,0,
2010,96,Group Stage,GrpE,Netherlands,2,Denmark,0,
2010,95,Group Stage,GrpE,Japan,1,Cameroon,0,
2010,94,Group Stage,GrpE,Denmark,2,Cameroon,1,
2010,93,Group Stage,GrpE,Netherlands,1,Japan,0,
2010,92,Group Stage,GrpE,Netherlands,2,Cameroon,1,
2010,91,Group Stage,GrpE,Japan,3,Denmark,1,
2010,96,Group Stage,GrpF,Italy,1,Paraguay,1,tie
2010,95,Group Stage,GrpF,New Zealand,1,Slovakia,1,tie
2010,94,Group Stage,GrpF,Paraguay,2,Slovakia,0,
2010,93,Group Stage,GrpF,Italy,1,New Zealand,1,tie
2010,92,Group Stage,GrpF,Paraguay,0,New Zealand,0,tie
2010,91,Group Stage,GrpF,Slovakia,3,Italy,2,
2010,96,Group Stage,GrpG,Brazil,2,North Korea,1,
2010,95,Group Stage,GrpG,Ivory Coast,0,Portugal,0,tie
2010,94,Group Stage,GrpG,Brazil,3,Ivory Coast,1,
2010,93,Group Stage,GrpG,Portugal,7,North Korea,0,
2010,92,Group Stage,GrpG,Portugal,0,Brazil,0,tie
2010,91,Group Stage,GrpG,Ivory Coast,3,North Korea,0,
2010,96,Group Stage,GrpH,Chile,1,Honduras,0,
2010,95,Group Stage,GrpH,Switzerland,1,Spain,0,
2010,94,Group Stage,GrpH,Spain,2,Honduras,0,
2010,93,Group Stage,GrpH,Chile,1,Switzerland,0,
2010,92,Group Stage,GrpH,Spain,2,Chile,1,
2010,91,Group Stage,GrpH,Switzerland,0,Honduras,0,tie
2010,3,Third Place,W3rd,Germany,3,Uruguay,2,
2010,2,Final,Wfin,Spain,1,Netherlands,0,AET
2010,16,Round of 16,Wpre,Brazil,3,Chile,0,
2010,16,Round of 16,Wpre,Germany,4,England,1,
2010,16,Round of 16,Wpre,Paraguay,0,Japan,0,5-3P
2010,16,Round of 16,Wpre,Argentina,3,Mexico,1,
2010,16,Round of 16,Wpre,Spain,1,Portugal,0,
2010,16,Round of 16,Wpre,Netherlands,2,Slovakia,1,
2010,16,Round of 16,Wpre,Uruguay,2,South Korea,1,
2010,16,Round of 16,Wpre,Ghana,2,United States,1,AET
2010,8,Quarterfinals,Wqua,Germany,4,Argentina,0,
2010,8,Quarterfinals,Wqua,Netherlands,2,Brazil,1,
2010,8,Quarterfinals,Wqua,Uruguay,1,Ghana,1,4-2P
2010,8,Quarterfinals,Wqua,Spain,1,Paraguay,0,
2010,4,Semifinals,Wsmi,Spain,1,Germany,0,
2010,4,Semifinals,Wsmi,Netherlands,3,Uruguay,2,
2014,96,Group Stage,GrpA,Brazil,3,Croatia,1,
2014,95,Group Stage,GrpA,Mexico,1,Cameroon,0,
2014,94,Group Stage,GrpA,Brazil,0,Mexico,0,tie
2014,93,Group Stage,GrpA,Croatia,4,Cameroon,0,
2014,92,Group Stage,GrpA,Mexico,3,Croatia,1,
2014,91,Group Stage,GrpA,Brazil,4,Cameroon,1,
2014,96,Group Stage,GrpB,Chile,3,Australia,1,
2014,95,Group Stage,GrpB,Netherlands,5,Spain,1,
2014,94,Group Stage,GrpB,Chile,2,Spain,0,
2014,93,Group Stage,GrpB,Netherlands,3,Australia,2,
2014,92,Group Stage,GrpB,Netherlands,2,Chile,0,
2014,91,Group Stage,GrpB,Spain,3,Australia,0,
2014,96,Group Stage,GrpC,Colombia,3,Greece,0,
2014,95,Group Stage,GrpC,Ivory Coast,2,Japan,1,
2014,94,Group Stage,GrpC,Colombia,2,Ivory Coast,1,
2014,93,Group Stage,GrpC,Japan,0,Greece,0,tie
2014,92,Group Stage,GrpC,Greece,2,Ivory Coast,1,
2014,91,Group Stage,GrpC,Colombia,4,Japan,1,
2014,96,Group Stage,GrpD,Italy,2,England,1,
2014,95,Group Stage,GrpD,Costa Rica,3,Uruguay,1,
2014,94,Group Stage,GrpD,Uruguay,2,England,1,
2014,93,Group Stage,GrpD,Costa Rica,1,Italy,0,
2014,92,Group Stage,GrpD,Costa Rica,0,England,0,tie
2014,91,Group Stage,GrpD,Uruguay,1,Italy,0,
2014,96,Group Stage,GrpE,Switzerland,2,Ecuador,1,
2014,95,Group Stage,GrpE,France,3,Honduras,0,
2014,94,Group Stage,GrpE,Ecuador,2,Honduras,1,
2014,93,Group Stage,GrpE,France,5,Switzerland,2,
2014,92,Group Stage,GrpE,Switzerland,3,Honduras,0,
2014,91,Group Stage,GrpE,Ecuador,0,France,0,tie
2014,96,Group Stage,GrpF,Argentina,2,Bosnia and Herzegovina,1,
2014,95,Group Stage,GrpF,Iran,0,Nigeria,0,tie
2014,94,Group Stage,GrpF,Nigeria,1,Bosnia and Herzegovina,0,
2014,93,Group Stage,GrpF,Argentina,1,Iran,0,
2014,92,Group Stage,GrpF,Argentina,3,Nigeria,2,
2014,91,Group Stage,GrpF,Bosnia and Herzegovina,3,Iran,1,
2014,96,Group Stage,GrpG,Germany,4,Portugal,0,
2014,95,Group Stage,GrpG,United States,2,Ghana,1,
2014,94,Group Stage,GrpG,Germany,2,Ghana,2,tie
2014,93,Group Stage,GrpG,United States,2,Portugal,2,tie
2014,92,Group Stage,GrpG,Portugal,2,Ghana,1,
2014,91,Group Stage,GrpG,Germany,1,United States,0,
2014,96,Group Stage,GrpH,Belgium,2,Algeria,1,
2014,95,Group Stage,GrpH,Russia,1,South Korea,1,tie
2014,94,Group Stage,GrpH,Belgium,1,Russia,0,
2014,93,Group Stage,GrpH,Algeria,4,South Korea,2,
2014,92,Group Stage,GrpH,Algeria,1,Russia,1,tie
2014,91,Group Stage,GrpH,Belgium,1,South Korea,0,
2014,3,Third Place,W3rd,Netherlands,3,Brazil,0,
2014,2,Final,Wfin,Germany,1,Argentina,0,AET
2014,16,Round of 16,Wpre,Colombia,2,Uruguay,0,
2014,16,Round of 16,Wpre,Brazil,1,Chile,1,3-2P
2014,16,Round of 16,Wpre,Netherlands,2,Mexico,1,
2014,16,Round of 16,Wpre,Costa Rica,1,Greece,1,5-3P
2014,16,Round of 16,Wpre,France,2,Nigeria,0,
2014,16,Round of 16,Wpre,Germany,2,Algeria,1,AET
2014,16,Round of 16,Wpre,Argentina,1,Switzerland,0,
2014,16,Round of 16,Wpre,Belgium,2,United States,1,AET
2014,8,Quarterfinals,Wqua,Brazil,2,Colombia,1,
2014,8,Quarterfinals,Wqua,Germany,1,France,0,
2014,8,Quarterfinals,Wqua,Argentina,1,Belgium,0,
2014,8,Quarterfinals,Wqua,Netherlands,0,Costa Rica,0,4-3P
2014,4,Semifinals,Wsmi,Germany,7,Brazil,1,
2014,4,Semifinals,Wsmi,Argentina,0,Netherlands,0,4-2P
2018,96,Group Stage,GrpA,Russia,5,Saudi Arabia,0,
2018,95,Group Stage,GrpA,Uruguay,1,Egypt,0,
2018,94,Group Stage,GrpA,Russia,3,Egypt,1,
2018,93,Group Stage,GrpA,Uruguay,1,Saudi Arabia,0,
2018,92,Group Stage,GrpA,Uruguay,3,Russia,0,
2018,91,Group Stage,GrpA,Saudi Arabia,2,Egypt,1,
2018,96,Group Stage,GrpB,Iran,1,Morocco,0,
2018,95,Group Stage,GrpB,Portugal,3,Spain,3,
2018,94,Group Stage,GrpB,Portugal,1,Morocco,0,
2018,93,Group Stage,GrpB,Spain,1,Iran,0,
2018,92,Group Stage,GrpB,Iran,1,Portugal,1,
2018,91,Group Stage,GrpB,Spain,2,Morocco,2,
2018,96,Group Stage,GrpC,France,2,Australia,1,
2018,95,Group Stage,GrpC,Denmark,1,Peru,0,
2018,94,Group Stage,GrpC,Denmark,1,Australia,1,
2018,93,Group Stage,GrpC,France,1,Peru,0,
2018,92,Group Stage,GrpC,Denmark,0,France,0,
2018,91,Group Stage,GrpC,Peru,2,Australia,0,
2018,96,Group Stage,GrpD,Argentina,1,Iceland,1,
2018,95,Group Stage,GrpD,Croatia,2,Nigeria,0,
2018,94,Group Stage,GrpD,Croatia,3,Argentina,0,
2018,93,Group Stage,GrpD,Nigeria,2,Iceland,0,
2018,92,Group Stage,GrpD,Argentina,2,Nigeria,1,
2018,91,Group Stage,GrpD,Croatia,2,Iceland,1,
2018,96,Group Stage,GrpE,Serbia,1,Costa Rica,0,
2018,95,Group Stage,GrpE,Brazil,1,Switzerland,1,
2018,94,Group Stage,GrpE,Brazil,2,Costa Rica,0,
2018,93,Group Stage,GrpE,Switzerland,2,Serbia,1,
2018,92,Group Stage,GrpE,Brazil,2,Serbia,0,
2018,91,Group Stage,GrpE,Switzerland,2,Costa Rica,2,
2018,96,Group Stage,GrpF,Mexico,1,Germany,0,
2018,95,Group Stage,GrpF,Sweden,1,South Korea,0,
2018,94,Group Stage,GrpF,Mexico,2,South Korea,1,
2018,93,Group Stage,GrpF,Germany,2,Sweden,1,
2018,92,Group Stage,GrpF,South Korea,2,Germany,0,
2018,91,Group Stage,GrpF,Sweden,3,Mexico,0,
2018,96,Group Stage,GrpG,Belgium,3,Panama,0,
2018,95,Group Stage,GrpG,England,2,Tunisia,1,
2018,94,Group Stage,GrpG,Belgium,5,Tunisia,2,
2018,93,Group Stage,GrpG,England,6,Panama,1,
2018,92,Group Stage,GrpG,Belgium,1,England,0,
2018,91,Group Stage,GrpG,Tunisia,2,Panama,1,
2018,96,Group Stage,GrpH,Japan,2,Colombia,1,
2018,95,Group Stage,GrpH,Senegal,2,Poland,1,
2018,94,Group Stage,GrpH,Japan,2,Senegal,2,
2018,93,Group Stage,GrpH,Colombia,3,Poland,0,
2018,92,Group Stage,GrpH,Poland,1,Japan,0,
2018,91,Group Stage,GrpH,Colombia,1,Senegal,0,
2018,3,Third Place,W3rd,Belgium,2,England,0,
2018,2,Final,Wfin,France,4,Croatia,2,
2018,16,Round of 16,Wpre,France,4,Argentina,3,
2018,16,Round of 16,Wpre,Uruguay,2,Portugal,1,
2018,16,Round of 16,Wpre,Russia,1,Spain,1,4-3P
2018,16,Round of 16,Wpre,Croatia,1,Denmark,1,3-2P
2018,16,Round of 16,Wpre,Brazil,2,Mexico,0,
2018,16,Round of 16,Wpre,Belgium,3,Japan,2,
2018,16,Round of 16,Wpre,Sweden,1,Switzerland,0,
2018,16,Round of 16,Wpre,England,1,Colombia,1,4-3P
2018,8,Quarterfinals,Wqua,France,2,Uruguay,0,
2018,8,Quarterfinals,Wqua,Belgium,2,Brazil,1,
2018,8,Quarterfinals,Wqua,England,2,Sweden,0,
2018,8,Quarterfinals,Wqua,Croatia,2,Russia,2,4-3P
2018,4,Semifinals,Wsmi,France,1,Belgium,0,
2018,4,Semifinals,Wsmi,Croatia,2,England,1,AET
2022,96,Group Stage,GrpA,Ecuador,2,Qatar,0,
2022,95,Group Stage,GrpA,Netherlands,2,Senegal,0,
2022,94,Group Stage,GrpA,Senegal,3,Qatar,1,
2022,93,Group Stage,GrpA,Netherlands,1,Ecuador,1,tie
2022,92,Group Stage,GrpA,Senegal,2,Ecuador,1,
2022,91,Group Stage,GrpA,Netherlands,2,Qatar,0,
2022,96,Group Stage,GrpB,England,6,Iran,2,
2022,95,Group Stage,GrpB,United States,1,Wales,1,tie
2022,94,Group Stage,GrpB,Iran,2,Wales,0,
2022,93,Group Stage,GrpB,England,0,United States,0,
2022,92,Group Stage,GrpB,England,3,Wales,0,
2022,91,Group Stage,GrpB,United States,1,Iran,0,
2022,96,Group Stage,GrpC,Saudi Arabia,2,Argentina,1,
2022,95,Group Stage,GrpC,Mexico,0,Poland,0,tie
2022,94,Group Stage,GrpC,Poland,2,Saudi Arabia,0,
2022,93,Group Stage,GrpC,Argentina,2,Mexico,0,
2022,92,Group Stage,GrpC,Argentina,2,Poland,0,
2022,91,Group Stage,GrpC,Mexico,2,Saudi Arabia,1,
2022,96,Group Stage,GrpD,Denmark,0,Tunisia,0,tie
2022,95,Group Stage,GrpD,France,4,Australia,1,
2022,94,Group Stage,GrpD,Australia,1,Tunisia,0,
2022,93,Group Stage,GrpD,France,2,Denmark,1,
2022,92,Group Stage,GrpD,Australia,1,Denmark,0,
2022,91,Group Stage,GrpD,Tunisia,1,France,0,
2022,96,Group Stage,GrpE,Japan,2,Germany,1,
2022,95,Group Stage,GrpE,Spain,7,Costa Rica,0,
2022,94,Group Stage,GrpE,Costa Rica,1,Japan,0,
2022,93,Group Stage,GrpE,Spain,1,Germany,1,tie
2022,92,Group Stage,GrpE,Japan,2,Spain,1,
2022,91,Group Stage,GrpE,Germany,4,Costa Rica,2,
2022,96,Group Stage,GrpF,Morocco,0,Croatia,0,tie
2022,95,Group Stage,GrpF,Belgium,1,Canada,0,
2022,94,Group Stage,GrpF,Morocco,2,Belgium,0,
2022,93,Group Stage,GrpF,Croatia,4,Canada,1,
2022,92,Group Stage,GrpF,Croatia,0,Belgium,0,tie
2022,91,Group Stage,GrpF,Morocco,2,Canada,1,
2022,96,Group Stage,GrpG,Switzerland,1,Cameroon,0,
2022,95,Group Stage,GrpG,Brazil,2,Serbia,0,
2022,94,Group Stage,GrpG,Cameroon,3,Serbia,3,tie
2022,93,Group Stage,GrpG,Brazil,1,Switzerland,0,
2022,92,Group Stage,GrpG,Switzerland,3,Serbia,2,
2022,91,Group Stage,GrpG,Cameroon,1,Brazil,0,
2022,96,Group Stage,GrpH,Uruguay,0,South Korea,0,tie
2022,95,Group Stage,GrpH,Portugal,3,Ghana,2,
2022,94,Group Stage,GrpH,Ghana,3,South Korea,2,
2022,93,Group Stage,GrpH,Portugal,2,Uruguay,0,
2022,92,Group Stage,GrpH,Uruguay,2,Ghana,0,
2022,91,Group Stage,GrpH,South Korea,2,Portugal,1,
2022,3,Third Place,W3rd,Croatia,2,Morocco,1,
2022,2,Final,Wfin,Argentina,3,France,3,4-2P
2022,16,Round of 16,Wpre,Netherlands,3,United States,1,
2022,16,Round of 16,Wpre,Argentina,2,Australia,1,
2022,16,Round of 16,Wpre,France,3,Poland,1,
2022,16,Round of 16,Wpre,England,3,Senegal,0,
2022,16,Round of 16,Wpre,Croatia,1,Japan,1,3-1P
2022,16,Round of 16,Wpre,Brazil,4,South Korea,1,
2022,16,Round of 16,Wpre,Morocco,0,Spain,0,3-0P
2022,16,Round of 16,Wpre,Portugal,6,Switzerland,1,
2022,8,Quarterfinals,Wqua,Croatia,1,Brazil,1,4-1P
2022,8,Quarterfinals,Wqua,Argentina,2,Netherlands,2,4-3P
2022,8,Quarterfinals,Wqua,Morocco,1,Portugal,0,
2022,8,Quarterfinals,Wqua,France,2,England,1,
2022,4,Semifinals,Wsmi,Argentina,3,Croatia,0,
2022,4,Semifinals,Wsmi,France,2,Morocco,0,
